Protocol Name,Label
BelugaDex,1
CitadelFinance,1
Delta Prime,1
dForce,1
Gamma,1
GMX,1
Jimbo(1),1
Jimbo(2),1
Jimbo(3),1
Jimbo(4),1
LavaLending,1
Lodestar,1
NeutraFinance,1
Paribus,1
RodeoFinance,1
Themis,1
Woofi,1
MU&MUG,1
NXUSD,1
CAROLProtocol,1
CompoundFork,1
ImpermaxV3(1),1
ImpermaxV3(2),1
LeetSwap,1
Nalakuvara_LotteryTicket,1
AES,1
AIZPToken,1
Allbridge,1
ANCH,1
APC,1
APEDAO,1
ApeRocket,1
APIG,1
ARK,1
Ast,1
ATK,1
AutoShark_1,1
AutoShark_2,1
BabyDoge,1
BabyDogeCoin02,1
Bamboo,1
BBOX,1
BBXToken,1
BCT,1
BDEX,1
bDollar,1
BEARNDAO,1
BeltFinance_1,1
BeltFinance_2,1
BFCToken,1
BGLD,1
BH,1
Bob,1
BUNN,1
BurnsDefi,1
BXH(1),1
BXH(2),1
Carson,1
Caterpiller Coin,1
Cellframe,1
CFC,1
Channels,1
Creat Future,1
CS,1
Cupid,1
d3xai,1
DCFToken,1
DFS,1
Discover,1
DKP(1),1
DKP(2),1
DotFinance,1
EAC,1
EEE,1
EGDFinance,1
ElephantMoney,1
ElephantStatus,1
FDP,1
FFIST,1
Fortress,1
GDS,1
GPT,1
GSS,1
GYMNetwork,1
H2O,1
Hackerdao,1
HCT,1
HYDT,1
INUKO,1
KubSplit,1
LaunchZone,1
Lifeprotocol,1
LUSD,1
LW_1,1
LW_2,1
MAMO,1
MARA,1
Mars,1
MBC,1
MBUToken,1
MerlinLab,1
MicDao,1
MINER,1
NeverFall,1
Nmbplatform,1
NovaXM2E,1
NOVO_1,1
NOVO_2,1
P719Token,1
Palmswap(1),1
Palmswap(2),1
PancakeBunny_1,1
PancakeHunny,1
PDZ,1
PLTD,1
RikkeiFinance,1
RoulettePotV2,1
SATURN,1
SATX,1
SBT,1
SellToken_1,1
SellToken_2,1
Sheep,1
SpaceGodzilla,1
SpartanProtocol,1
Starlink,1
StarWallets,1
STM,1
SVT,1
SwapX,1
TIFIToken,1
ULME,1
UN,1
Wault,1
WGPT,1
WienerDOGE,1
wsm,1
YuliAI,1
Z123,1
ZongZi,1
Zoompro,1
ZS,1
APEMAGA,1
ArrayFinance,1
Balancer(1),1
Balancer(2),1
BedRock Defi,1
BT.Finance,1
BTC20,1
Burntbubba,1
bZx,1
Cheese Bank,1
Circle_1,1
Circle_2,1
CompounderFinance,1
CompoundUni,1
ConicFinance,1
CreamFinance,1
CurveBurner,1
DRLVaultV3,1
Eminence,1
ERC20TokenBank,1
Fire Token,1
GradientMakerPool,1
Groker20,1
HANAToken,1
Harvest,1
HoppyFrogERC Token,1
IndexedFinance,1
InverseFinance_1,1
InverseFinance_2,1
KyberSwap,1
LAURAToken,1
MEVBOTa47b,1
MonoXFinance,1
MRGtoken,1
OnyxProtocol,1
Peapods Finance,1
ResupplyFi,1
RoeFinance,1
SanshuInu,1
SASHAToken,1
SBR Token,1
SturdyFinance,1
UPSToken,1
Upswing,1
Uwerx,1
UwULend,1
Value.DeFi,1
VesperFinance,1
vETH,1
VINU,1
WarpFinance,1
XSTABLE,1
xToken,1
YearnFinance,1
Zenterest,1
Zunami,1
0vix,1
BonqDAO,1
Equalizer,1
NST Simple Swap,1
PancakeBunny_2,1
0x001666db2397db7bc2db0046fc3c324b043e88c3319364aa92b5aa7df233fa3a,0
0x003260411b0aafc8540aa03df7060c0c7f7afdcc98644071cbd7413735cb743c,0
0x005161cca0e194c03c2276d6f705674d2f1fff66a93e65a9bc522cb39e5c5d25,0
0x007efbf177ac30b24618f25b02423f356e2ba006aa09a8438e5a2fd74a5c1d9c,0
0x00860ff82bfc1712fc62168ccfb1fd936d555a3fb4f957b34cf3c0761944b9a0,0
0x00d3539d4ded79e8cea93c20a17043c455bf1949a49a316799bb6ffabc7a6e51,0
0x010551400eb1a5236ec3ad47305de5247a8f489a337181dc01b6d03cfa5b8833,0
0x013e37660b72573644d84f74cc4f8832847e69078c2a42fbf7c911fa97325d44,0
0x0174925d4cff5bc3005f268790db7f56a1803ddc0023bf2cfedc064a25aa567b,0
0x01a101865c289e1755bfdfdc5673e8bc1f471fb7e6bd6c4a94ca0fd1d69008a5,0
0x01fb7ab5f68d7355354ded30cbe037cb588879d4ce979731bd09f3793eacff1d,0
0x020ba232ec9b4fd54dae885fa3c8589742af809c66f3d366d62609541238d774,0
0x020c27c3b4b9ffdb9cbbe3b2cfadb7f7a5fc381a42f07b0463af6cd6cd1b274e,0
0x02191c0d71949727b82c1a4f1fa18007a29455d87fbd97e58bf03e92f69d95f1,0
0x0236a6a71fc86ca3f7737c77679e29ae2d011a6b80603b58c5d873535772e7ce,0
0x024486fa42455cb5914351af8cf602dfeb77ce23f1c2f5367765c1509b4dbef5,0
0x024d9ea916816d9d0ae40d4260bd75307db282bde33eba647c8dda25ea746e5a,0
0x02814bf350e550eed82494a43cda6272d81c47a08264d47a7d2a64a30a268448,0
0x029352bf43255fe501b364aac99a4daa7878ea765112e8318dba604b430b4141,0
0x02e2936d3927d33a411a3fee7271ca514e3d46f1a7642cf8404f6e02732c4a5a,0
0x02fd2b05fda775f0bdcc1fc8186eb0f41fdddf67b8f9de676c523b009a1da7df,0
0x033378103d1f3058363ba6abed52e3eed0880eadee2a7b6de86abe09db62ddaf,0
0x035bdc99c4151c8de00146f00c1bc9f50c33cf2e55ca29bf70d6ba6a4e7b3f75,0
0x0374957aa616dac57592db47b5fdc59a36313d073f79b3fc5630afcfa5df666b,0
0x03dea6e3c9e5140f94cd7d94be0648cf2da83636fd66c92b99bb1f35021be89b,0
0x044442ca491a5f27cfb28cdca6ec15020a0c278b653416f93de2ffae864901d4,0
0x04c24b87db8ce15ddf602d90a674e45f4ac3bab2d5c0d4fb96b00d17a190c89e,0
0x0526cd94e5b5da7d56269f62c0ca8cc22744d927a21279235d0e11c25f9b1a87,0
0x05287fac69ac35c29be215fc071660bf9fb445a084092659d6631b2f3e45a268,0
0x055cdb9c3a1435a458b095de6eac3bd85556cd4994cb143ddb49d8f4cf41dded,0
0x05632132e78c56c435f686b3f4dd293a1cc50ae0c1bbe83ca32e839d232f6353,0
0x0606a0812da84080f708867bf0f9bed617e297eb3e761aa163ff54bac6e0cde6,0
0x061bbb6006aacafc95f28d2269a4aa3757d91e5f01b309e0a6a2766c30cb696c,0
0x06689d7851eac8bcb1cd1d0fa68f4032e082c220cb78a9ce9615b2c8321b39fa,0
0x06e871564f1677b22dcd53b0460af90f4869ce6ae1c0a24a296b7011ec4bf3b8,0
0x075ebd441cc755a0700b7a6c7080fa2e70134a5d4b97edaea399801888ecb935,0
0x079bd0c0ec9fc349555351ca2b857516b0e64c278e5a441b4770013d40abc5f4,0
0x081d9799cb815ccd466b46a6d4955ac5fa171de718ec0c67cd09b17cb1de7cfd,0
0x0848956494a61589cf5ba08d3fc7d1719dde70cd2f7306c9bb1d2ac7312667a6,0
0x08b31b72b9e120a844b6c86cd7b119470ca2997d4c0f832fd075c832cadc9948,0
0x0954b91308dd80522a9f10864e465756968c097cd9c29146f7dc9b5b24e0ee7a,0
0x09c7256dcfa07d180d7fa5d89354ac620c3b4f08e4c7645bd9a020083d4c2999,0
0x09ff093d49bbd2d5043e05dbdfde98d0aeb212480cd719dfe046a3f39a302c68,0
0x0a36c8c3694f5fb76819dfb3bbd7895a3c01d6381da89efb7925ce621a704eaf,0
0x0a48ef994ce31aca74613ae2e167ba6227e1839c58d923145bc0bca8527775bf,0
0x0ac9ab7491a7f78fdaa2e76233902b497d860cd48e1d7b96de1f2cfbe676694e,0
0x0ad8eaaeda281dec0dbe38a7f90c73f14934b78ca147f9bd2af896cf0bdc3a72,0
0x0ae6497bce171a4c3c9d71ff70fc33b1a7d9fefec5da62f6edb8128f170bc527,0
0x0b14172671ed81bc1986eab5f91bb57aa542833738127d83d2fd86ecc1209b86,0
0x0cabbb4c08b3e9a4424c77dad9d303bdbc8337e694f35777f96e24c11dc8f1e6,0
0x0cb3832266825d7225e90a26e154e704da16dfa26e0caa20e11e1411e9a54ef0,0
0x0cd061d53ac086b1b408008a681e73f3be0f9acdabfafed022c0dc36221da8bb,0
0x0ce75bf76a37646e18859a37b72bb4199250e0c9b83085ed214ce8ab528a4ce7,0
0x0d69dda302982ed3bada694cab61a1a34c8ca7c8b106be0c37684611a585c4af,0
0x0d6cd9280d8baada135d5773f4248aa06e34972f5783a3858aa169b519034c5d,0
0x0db22fd596ab0702f503d5e8c78c21c9862cd1aeaf94c39d73f49870145fe1d2,0
0x0def5043dbf6062fd33b079e294091a5097f9e001e8471fb91a944468a8e263d,0
0x0edde7e75d574f9ebe0b5a1c721c5042bf263ed0800c4be327a2ac5f616792f7,0
0x0f0161857c61fed76c023966704a8bb37ee06fc5053e57108e5154e8b20e5863,0
0x0f23012d2dd39b487dff1ea24244ab50560a7b1ad4a65ee64cb9eb5fbb1bafeb,0
0x0f377b40ae9f339ac9379e5ce081fe038353cc359c0817daed1b2a6ffb354765,0
0x0f81e793d01e0cb05e7c57fef21428c5aa6d07645edeb3a49e356032aa60f5c7,0
0x0fd936329c77749ca64778caa829fe6fa55fe538ea4080df700a62f9c36cb7eb,0
0x1031898bf5a742c2e9322897691a249ebd7651b32f47da107a0d6b89b12d6123,0
0x10466281838f252e6c79e16c26834ed34328ac3f80e8287b8978e036e8309df3,0
0x109f2c40f554a364c6bbf6f4056a318dbe636fe8acac563b5c752b7010b56ee6,0
0x10b219d3bff304655c871273547a1eeb1b2f48abc143c6f0c92fad7969b1c13f,0
0x10dd552d75c9b1b769449980cf23a3b6411577371bbb19e69e9898c942398eca,0
0x10efc645ea905354f4c3089a0326db16abeae92043dbb8d250ddbefde0d02c5c,0
0x1145997a7ab192f2fed4e1d8c918967cb83dac9116aaf13490353db3aad93a08,0
0x1164ffea9c7b78995ad6b33eca6ccbc6d034f6506a97d2f3a2d1c2f72fb3c288,0
0x11e014ed82252e64ed6785fb43b7e9503e1c91de331caf1347ca48e87a5bed66,0
0x11eae6dc83312aca0574a68f240e902ae340dc7660faf49ab3e1383c8b3ef11c,0
0x12597e784543ed785d0421e7674da65cfd2a1d415cc038e6b4b384c1d1f150b9,0
0x126b64c2b19ed2c3ad624ec8037d548acfa27dd3c307484fd38b4d53519d0593,0
0x12940e35811b1c66785b4bb84da644364774898d02e6c30594d618f2da151da9,0
0x12b4cf594e1cced7775517cdab018a33103a2d61035b7740df278f4d2891cd4f,0
0x12d9f61cd01bafc46086e9bd8c2fd7212dfcd488d2f275b9ce8e6584fbbb9651,0
0x131ce3c34da9e850e87712f894bb864c24fca74dfc6e8c83dc297122163bce82,0
0x13a07c23b2c8865034803fc33c3bb8646f9b4f6b46f6dcc0dfd32f878897dd7c,0
0x13fc8264e140ff0099f7a1e09766eacb2f4681126228c436ac16c4ecc1a705a5,0
0x14b44260df18fb3060b1e92654a1be5885f524f3fa87383f1fdc7fcafcf6aa31,0
0x14c4f12f31370e3e5c4013871f8063272030f3bab65e4a8162ab2ce78a5435d9,0
0x15384703a0a1d6c50dde2e3a3519763a416eee6d228c3135a78d9707b32eacaf,0
0x1563bb590095b40fe9f19dbea33612c22216fc7245aad386436e78628a28bb6e,0
0x15a9cdd5c8e5cc3e6ac31439a61d7213c3b837f55030f95e852e5112ef513a95,0
0x16b1989b7912aef50d285e68197fd175d3e064e750a8d9c263723ff8a2f72ffe,0
0x16e2e9507d3752a43abd0ef6339ed79ea7482b8342bd926b3d20285289aac399,0
0x17738256384f80d8344f6f53fb5a7913d8a173fb30d2234f1d7d14e1bb39a6e9,0
0x178f019512a958e1526b540547f8fa8db2abfa57999982458a7db244430a6b6c,0
0x17b9703891a39535b256e2f09be3ffe35bd25635042f11a5409720caf55dfd00,0
0x17ddad58ea299691d800a6917e122384b76c876bcd8ee239752867640fdec34f,0
0x1882916a3fb9613044813dedefc5b0b2004df7130a6d12078f0a1816c418898b,0
0x18a68a4157ecb25a7fdf3e09a12ca1902074fe9acca5bc2f743914fe5842bad5,0
0x18c146cd05b1c14a7f9ff8f9a3db6baa7cbfc963ef5dfe1170ef308b0b71ae9b,0
0x18f54a322df601f0c7bf2809e1d26af7665ed6a699a650b8d3678fa7420dea20,0
0x190c5263545de10a3f614bbf7d74d298e3b7fb39a633890b93136f421aa8b318,0
0x1969b88531ddb56afe16d4d7553fc712a676c69b65d5e01202f02bbcc6a8a672,0
0x19996ce0c7a830f50064830ebf0c48777b5bdece38dfad1d1e5a489c0578313c,0
0x19fc6d908c2e122b51a30a7961279f7938e4f67426e39d3e28cf0a89c4db6561,0
0x1a1c09cb539acb6b59d352261f0d7fc200cf0a79b1e32c3cf4c4c8de89b6cd0e,0
0x1a32ee78ded0f58a70ae9fd489a35ba4775857641c436cb315e229e3692a966a,0
0x1a65f4a52b184251b539ac4fa7fbb84324c20534d0edc97c4c796344ab91f3b4,0
0x1aaece541425556d6f64f2c172ca008615f1884b5e03fca14966b9f4bf5e7dc5,0
0x1aea8b72d5c9d869125e73c9151c756a2fda41c31ad9c57c69a3953e9f394c09,0
0x1b25c422bce67797742ae9f1cf6b1077794a3b743b6209ae57bbf42232a64df8,0
0x1cc45d74b3df954e1eb59c0e4ac297c63eb3837b2273a7885afaa7ac43af417e,0
0x1d0f7dac4e13e0dbdb6a58a54edb1203edea23d7024eb13999b84cef244100b0,0
0x1d9a7719c20e538cfb2e43910c8073d67237671b87150f314ea7259df9288b06,0
0x1ded7210481f3343e8a1b989ab69a520b232696eb4b1c0913e455deb97bd7437,0
0x1e3d37a7d0e23b456836789be252f8593d2d2c03fee89f5d641ab09c67e1c791,0
0x1edfc132fdbfb514463ab81a09ab5b1af61a0e8f7e8dc81f1bd99fbd54b4a065,0
0x1eeebc340a669ef61da970ba2ec1c474a3535154f1c1968a2d2a19048fe1c2e8,0
0x1f78213ba85ceade919f04d25337a4305aea3f0c8475280d9e8d0539ff538199,0
0x1fd246845b6988f5eed4f4aa1b6f45f386212bae68ab131733bd76bbb3b04a4e,0
0x2008d2560f0226b0680c70832a673141c996742333c05c7246e032009405d310,0
0x211c57305243093bb3fe23982ab5b7eae8b27d8d1bc6f22440a0c4aa5f5c54cd,0
0x2134179d9d4f425c541b8c65ec3a36b76332c372a94fbef62e4b207fab9d8422,0
0x21d425d9bea15f0d8ebd11e7025727a55a3df95eea008baed6e8eb45bd11bb1e,0
0x21e090aeb0131114efa2b49182ab3ca76682d5cd82063bb4dc142394d41fcb66,0
0x21e1da7653f49cd7c6a6915326fb2cc801fc2f9fd8b93acbfd807c1a6b5260c5,0
0x22132730f0ceca05cf3922015a22462ae607a9deade2e183e030295ea0d191d3,0
0x221a7d0e17cd1a1e21a7107d6e78467270da9e9f6e0d77f328855a521c12a06c,0
0x223114f9babc8a0794c61b252f87e3a295fee9f2c6e566451849bd876de07a85,0
0x228f9908c3d883258b0c676df9c0ace15796033253d7a7c11b032d2aa1f9f85b,0
0x22a2c9c756430ebb2f2cab49063a7de3fea927064a0a83e082af62cc1c2d74e4,0
0x22e8c51203c8d6fb2901ebffc37ad3febb673881f67d7bf92e3af9801368dc2a,0
0x23233d59892a550fcba250d925142f13e7b4b6cda4cc32952a04d5b8a5535c9c,0
0x23ab98082206986fe4448fe3ebd5e7f50224e67b2837e2115ef9b811c19afd32,0
0x24bcfdc1fa6c17b55f1ce373d882175bcc52a5767ded8fd286c0697f2c56e9c5,0
0x24ea62a44546bb983a50a9d1615601645e7cb5bd732b2adf37542fc8454eafdc,0
0x25046ed134c8d29e6ce6af5da0a647dc13ab8699bd5f6f05f0b6982eb98f5336,0
0x25b013ef5927b8b5558812f51197f5fe20835d64430fcc2bf77e19de6d9d5e62,0
0x25df8bbae3f7c0a18f161b2549f974b8d62be0f8571bff355c65f87050399e3c,0
0x25f535c0e5c63893d12980bafb70dab13a85f221b05d1a733ae018fa7676a43b,0
0x26327aa5b3bc80a13745620b71fd32db8e797fdac79a4a5a6032f3f90f80bf40,0
0x263ebc032995ea0d0296b920b4cb5698d6b47f9a97f85b92f148d52e4e4cf324,0
0x26a92be441fa72705d131cfd7a4b176c9ef1ab4566e2d7bcd25b1ee65e4d6adb,0
0x26d29bacf7046d73e894a5e341ee7063cccf73e4c7cecc03f46b7a6dfbd5994d,0
0x26dacb87f82887e8c2a91de25eaa67b97856e5e8493252f1921c0e2182a990a5,0
0x26f0faa41fdf1d6303dda007339a1050d230d4c5cbb9eb8418499f72be5baaa9,0
0x26fb2c9ed37e7c0accf8fcb54c10892c7ae331a686b3e1f03f42469023d736b9,0
0x27bc172c5ee8082560b21fd0b7cb0e93c5c8fa27a1ddffaeab7511f9260b7267,0
0x27cb3711a2cb9ec8da2cb8d2c36774f9e11ff01b6f9ba4707ed848840f583116,0
0x2801e35a347a9a71cf88c7fd2d7eb43eae9a78f4f9ecb59725ab677e16515fdf,0
0x2854e650c2bfee5ab57f12d46d181f7c02301545da732fe80b099c5e302cde4e,0
0x2882ee08a149f83aebdaca2b4d872d141c75781aa55cbd3e14a50a18d9b7413d,0
0x28954e650ec8db7f0666a7b02acb178896dc4bd69983a10e9e3ea1719539df1e,0
0x28ab25d9caad1ed373c0a3cd4dbf4b35775d743f026b52fa4cdda09cda93fcd7,0
0x2909335d9649cc86ec93fd4a00a273b93871dcd36f515c85e75d0c1918e6040c,0
0x294f45ce9203db11e82317f4795cc911540fab4a049d97909db6e84ed25506dc,0
0x296be80d8313bcf0b7d66215a3966003d6a83146e3cab4cb4926e5f6f8e8c9e4,0
0x29d1223fad9e41f5b2fa5719851f9634240acb0763f345b49481b7047ab03756,0
0x29d26ed1a0d943a6a3fd4ac7a5b250cb0f2849df8bd3a0f8e171527db68149e8,0
0x29fddc00b115238e8f49603a7d6b83460d644b7745e7586859b2eaedfc950020,0
0x2a7e4cd21ec06ec3b595dc1b2e50a0e9c2d0d2f5109302b63e8ff45d5c1beae5,0
0x2aa6e2c30cc9c8bd77fae1d092b85bd2fdb1766d5d83b9946d690a9f873c48f7,0
0x2adb4a6d2846a67a32701e76f6811d68a5a5fc3a5cfa915e44dc9da32b017dfc,0
0x2ae092d5390614b8e5f5212c572d0f0362adc9934b8d2f031ac0ea3c7ad49217,0
0x2b48da53c5781dbdfabec95815efba4103e59c506eab188690082f4d15e76373,0
0x2bb30afecdf8c5423c85e59edf02039e17192e834532dd8eb2bb440eba43dce4,0
0x2bf75fb51023e170005f5d2979851a40b9437b2a1354d9a2abbdec92da1320f1,0
0x2c202a84f2eca0004dfe0b576dcd3b0061cd84799255a5924a4eba6f4628d1f3,0
0x2cb624499c906931328bff4e9e93f7cb9b7839cece4cf147293090eeb03c4cfb,0
0x2ccbfa622ac6b86b7aec0b2c161226b7eb99eb91f1b39939a06cedc6b3ef79f2,0
0x2ce80526603c799513b0e0fe5864e9c59a4a3cd4bbb7097152761f071497a8be,0
0x2ce898d214c9c86e4fe76b0a390afe3d4e11232852e243052a3630655cdfe735,0
0x2d03c19a937311f761b42dae654570faac12f49648d0abd495dc5ec4512c63ee,0
0x2d0a617cfa91e05e7e51908bffb53171d0ecaa0b6a594a3fe2d33831224d4be9,0
0x2d275e3c47bb2fb53fa0f271cae1a6f3df38af892f190055c1268042752fe630,0
0x2d554f37fad4ab298a1f4e1d5bc30ac01dc9ee9682cf8454afcd35227cc797c6,0
0x2d618d2c300d8493cd1e721e75c292617fda3d431f2459cebbc52591883112b1,0
0x2d6a413a781613a78a29bb1a505816c9fe09cb81517761e3267c10303da09a63,0
0x2db237e810c2b19d30e2581b3ac7337f95c4233d4942cb1014c23d2a42259f8a,0
0x2e53b3214d0aaf0250db4ae3fb9fadd501e0f8e79f17054b1b8c5e15e7782c97,0
0x2e906c29ef5d7772d6c715470d08638d19b6af003c1855e2dbd4bf3b3a82ac7b,0
0x2eb11552a67ab6afbdb34e15104753f41e6390db540186353886efe5ba959551,0
0x2ebffaa77575942afdec191aa4afe3202624df5ac9fb0f57f2ae99553321be92,0
0x2eebacece76584ab88022ecb727a6097c3444cfebd9a493b7c2243c09ff0e256,0
0x2ef2256abdc03cfb9d473f38cb0aed581818da5b577b76580e62d87ab8623264,0
0x2f609c3825871cf7a62344ee30a6cfc233c57b6d02b11cb68da1972de402bf33,0
0x2f8b6a456a4d92193355d92eeaa8632701a928c5adfb54441dec6a963b516ca8,0
0x30436e33127810a979b611641ecbc4b882d8e52c68a15c5cd4ffc9286e192230,0
0x305858fa6283c9221a1f07e6b6068a1586da1e149031a38f172ef7d9a741d69e,0
0x313b1a771bade9291171fdfdb94f25c38c38ff0aa0cb8b318fd89869d50998f6,0
0x314f3767096d22636c747c8dd42f69c118ffb46af1d58f73eedbe458254f0f65,0
0x31815c819bfce117e796bc828e4888292e067b0b8bc9d2b1fde1a4aaea35ac7d,0
0x318957ee5572b90742c699e07c5419e0c65e1cc9f3109b054b6f9ba30231fdca,0
0x3222fc934b398f08764b1a22df144c6da011361f237254b90ce064a024927372,0
0x3260e2ffe89be312f2a4ca4ed334ec6244d97a791bcc094e8f164ee6f8e99871,0
0x3294cf8aad93c4f548055c13b8c5d60efb7d2e58ca6e4b06bea718ba3bacf2fc,0
0x32cc716ed4a542addbc58c511f7f984ac2714f1a8dfaa07140515bb32a84c907,0
0x339b9e60d3dac7144831dd9cac9044b34eecc83e37e26c0bf6fc6efaee314e36,0
0x3425ab3a4da3e718377979ce51c86695704af10911a3460efec00b32dfc2867a,0
0x34273d3c32ef75ff41b623da9dc4828a670dd30515d464c4910bb7ce5c548475,0
0x346be549e07bc896033f2d84646a8f82cb6eacd5f91dd181cacc9c30b2e780fe,0
0x34af2ec287ce2f4031c001d50f5a0aa700544bc42ee1084ddf79ad1e5a9f9916,0
0x3506161f3bc3382e26ac561ed4b7037f363f17238dd196dce64307fb2aa7b894,0
0x351708990eb71131ac6bfdc71d96490d8e12400c3033fbb79bf93f0746cce037,0
0x35b0693c7d29365fbf4298c5634a02393bba2678a1cc7361fb19ee68eec1d8f7,0
0x3627641ac0bc7b903dc47b75d54618de6ee211fa002521ee50d6fcc1235b4eee,0
0x36b8558412717b53af1e941b1c4e85f8d0dfa18150d3427aa17270af87c124d7,0
0x371f25aba312257599bfa5724e4b56bbfd074719d77b5920f7e24728a6753c4e,0
0x37932becb7d8bf487d7130e74f012ed83c2631864476cc090dbd6b95d28e53fe,0
0x37b15e2747726f0b36a9df371990b5e788fffaa5ad3c0ae7812d75d30d0b2ca0,0
0x37b2a5d05d6cda505ebff5aaf2aa3fe1b0998197e2b3dff0e55bdf1abd1e3181,0
0x37b5d632b22fecb06ffe481064b8846929fc93e89fed7768f77192cd788329da,0
0x37d64aa4dac673102b29046af9a98fa713689cbddfd4e4c6f7fec69bd61af814,0
0x37e229919d84d098243bdea4ec8b25b0e4fe6def34dc8912de7b7f190b14b233,0
0x37ea819d4c03ecca32fd22498ae6f1790b20809ec156d0764b1a0a7a448ba59c,0
0x37ef66d37553d9fc876b381b36536287812435e9d026a5e5071fe646c28dd7b3,0
0x382ed090e20c56e45db1cef7a09489b17f4c85cc354b4d84e70a9db661c1d771,0
0x38f7fdb09c0d9036f6394caa2aeff2d75c9fdf3db7fb4d03d8db5d479eb52fab,0
0x3917b4604a4a9a01d575f3d049d6280188fd2dceae1b62212221e49dde732e1a,0
0x3989ea3fd5c36c2614e9330c14e0fcc6d986184bd86b1a1d3fa2c637569ff690,0
0x398cd6a70a02dc2bfc8410c17b499999e11d7f5ef2cb8d2e6660752aa786c9fa,0
0x39cafbae4cd7bba43995504d99db7ebd681e75c48af077de3961cc478c9cd236,0
0x39f6110a7c3a5e50b4330e2a2b1aafb304caf7ebc188de8bf9affaba21d202a0,0
0x3a1b21f4f589968c91c2e99bce8af1e388adfb9fb218246dac22f4bb9220047f,0
0x3a2ae1ea19e653f9bc1fbb579a29a6525456250400cb417c544bf130c85dba13,0
0x3a4a0eac1a1e7f14c0b65eb8713ed96184dafe956915ba629d3b6b8cbafb1e05,0
0x3ac25991ecfdb25a92ae87d8ec947b57ed7e5aa8034b0fd6953f0a2307a5ecc9,0
0x3ae8a13e470606f1f5e0a92c439cf442e8906fedc357ef9f3f04d76e3a7d084b,0
0x3b114a212deda79fc3433ab7acbf97e684e2e0f853f1adc68e04de7434897e8f,0
0x3b36ceee891e7bb79b567ed353ca52466af1f0b30d7cbfdbb91a6456049b2e71,0
0x3b4cdd16874588dfb032a17cb5031d8cb8045d7378d9b64ded49b288784be71c,0
0x3b4ed14a7cb7c1989885272ea842a7f6a3e9a0ffa469678b3a53e596950559b6,0
0x3b5c0acbf9e565a5bf81cd25ea11da44393d577b468108c1b178decee938328a,0
0x3b889c37f971d01bd949d5d7e149d5da4c6b681f19b5e167eeccea1b8a74ffc7,0
0x3bf0c484f1752e92aa25da999459c8c3494683d906e3874f1e68e2c672918770,0
0x3c086982f71fa0c6627b58487519f6490d3ff524b1cb7be767b325bb79f48b4d,0
0x3c658d3bc6997d79d9369ce06e717cb8bd3bf9ba53d67665fe67172721e9ceee,0
0x3cca03430e2e1b3fee38e9a8c5a4111595a72002359e1aa73b7ba227305618b7,0
0x3cd585904bef4a5a62df03094353e54351805097cbe2f950a5d0a8d75b257e79,0
0x3ce35db32c5f32cb735836153b51c0750a9dce050e7ce1c5999a9663348ecc9d,0
0x3d1d5d55586334099cd4f100afe153a4e522dfaa86e3f8c277c190786576b402,0
0x3d692623ad938021532bd3bfc5962af787a513c7224ad846eee660890697c908,0
0x3dc3fa7103f95e354488e113cc9a13100709449820ae36043193c088ffdbabad,0
0x3deec7335cc68696843b4fa8a60523266bf9975190d5aee6e0fd559e5ffae860,0
0x3e7cf041c622cfcae81f9737d7407508a1bb343975dbe0461c83a9abfe8a8753,0
0x3e7f993a72dea91b73133e9293e730f17f6bee749f278d3d4952d4bfe403bb4b,0
0x3e9f1b9c76d967931205c2caab51a1546f92a138f8e996b96282b3ddc5d85f32,0
0x3ebb321a6f0b7431bb6821ccc8ad8d228003d0a8a2c3fb26946cc59515e3e03b,0
0x3f0ead006d47691a58e30ef29cbc0ed6e010d7b69ef4d3aec6264a18e37efdb3,0
0x3f3aee33a1fff21d96e7cc8ada95ff64ca10adc90713dc1a70a433a7deb8d899,0
0x3f3d2edf1130f4572ba820b13adf3079d5fa1ab6bf20d690aced652fc92fe8fa,0
0x3f65576399011870650824e10e563aea2df1bd4ef225decc8b014d156bad053f,0
0x3f8297615191e88224c4cd36ebc0d89e530efd9d142e9fe684059d776ddf3712,0
0x3fce96513553024f65a23049605908350adb89d167a602c894d6fed5c4e93273,0
0x3fe36899205c1c726e78c055aecc0d16167f79a56d408e90c94d4683517b69fc,0
0x4022d51804167870a384fa88cea8ce03d361b3baa9497ae6c7063780c3351ce3,0
0x406a760d526e9ab1a6d65c54f0a8d9cdbc97a2b2ace2d252976767c1a585afaf,0
0x406cf5f162e96034bc86218403fbcf4b955349205589a0fa5e632c1b1963c791,0
0x40c1594f0240866c715aabb4c030aa0494aa3de9e339e89376fb00ebf4819460,0
0x41202e21dc2d9dc4d45c4c9c928293414189a2ac4e4aa71b28fc7e142e0d3591,0
0x4209c89f551ad1e22ae46e9a054d5e3a75c5c3588ea330a8eecdc1e368d6fcde,0
0x423d6d82add538d4548e9f282b714e18787a5b051bf703bf5a058ad8903ead5c,0
0x42707e13af61142e537c88b6054494434a76c0a367ed1d414fd20ec42d61ddb4,0
0x427649462e7b711cabe377f5d87d3ab4afe5e3bd4f0073a303cf668820596032,0
0x4393cdbfca0c80a12a78d3c894c2c1052d847297f6402d3b72ddad34d2951e98,0
0x43e24dbcd1bd5ca638d10a4beacb69063ca128a27b8bc52f2872473a316f2aca,0
0x440d7efdb5dd01e1d23d1285a90e5b883aff6f25e9bf925a94e49be6ca05fd53,0
0x443337fa9e0d691c1befeac0e6aa53b0e5f9f09fe0533ecac5fd5a43edbe3b5c,0
0x44adbfd5d0f9db27d174351ab67430962b76332f396ca0de6ba3f9b556c88856,0
0x451cce0d96c909e4900e1ffc4eb13eb451ef5489d3b4d707e6dcf19b89b92f94,0
0x453b08a173af1a7b9a1059ce5be5b9942fb7d06ae6ac58245238a9e0c8754ee0,0
0x463a15415a36ffda9a7537d3fba7738559743cd42e29634c8addfb00330c37a5,0
0x463d466e3fcff13646718d18c5cd3cecf95ddb3cecb2d4035cf3dce1b7488d9b,0
0x468402783312fa6f1f75dbdbbd206635b84f9414dfabcc36e03216f3adf637f9,0
0x46983925351427e911ac9be15b55374f54d95d3ff70482fa78bb4de447a91dfb,0
0x46abab1b24df630b50a9b226718510b74fa7e3360e86821049eabccff66e29ab,0
0x46c62a8418e22e08149d980bd536bf4473f75a1f078462515dec3945b5a27a1d,0
0x46d2919ce48e0a55682712fb4aa14f28214767bc904378c7d52f7ac265d0dbf2,0
0x46de608060c89c92929d149e97844113bbe56db543f147eff8b61c1c86613d1b,0
0x46f46117ff1bc570184e76a4d26745984a88cb1d0f276bf689bc6f9bf46e998c,0
0x480a354fdd82481262e1bab89dc1dbecadbe682b5a6cc188adf0e13bad53e97a,0
0x481ecdba4faf220661ed5f20189117791c0470d10ae93c3a6eae89a2548603fa,0
0x48278fcd1f104e89833461b5bd9d28e9756b31d47ea085272b1fd219e92871cd,0
0x486e3c1eba151ec885b686255845a2a024541ce0a65ca5cd2a85a7042ff61b84,0
0x48d1c6037a30e4f25cde7e383622e08713855ce98ccff6df0a648b85a84bcf24,0
0x49347406f1b07a53365deaae4c1fbfe1848b6baa8485447493a3369747c648ba,0
0x49aa45e2420943d2d3a0ef03fb12f4afd13d76a0e2b96f60e40fc7572d1463cf,0
0x49c8883856faf7195e18393e22c5a04ccc4003176006ff7156fd420dec44503d,0
0x49d5338c708b2bac09713f315d29ff9b2126b4c49189d2004e3e4b9dac7c7e6c,0
0x4a2832969d600b9ee5f2d6ffb2170d3065c93e2200a5447cf7d8232e6d68356b,0
0x4ae2ffdea4781936d29344f5d1f2ea13a5e047e3935b0b357344716b89fab87b,0
0x4afb39473b7f21d0c4deb2e247595c15ad85391afd4ac3be3564dd5d3a7807c5,0
0x4b06a03c5531b5f180f25ae57a703d1c77f48e9b926694238798850edfa6df4b,0
0x4b547525e5ce0814611c12e79f38acd74793ddc9a3a1f2d999d472db735ba78b,0
0x4b6701823da28634d3dc45d248ad1dcb8dff6b5cda8c2718faed69d4439a4ad6,0
0x4bbb4834cd3ca43895fa43b13385bdaf4e59ca6a1107a482a58aefe7e59d7f4e,0
0x4bbb8b0bd0198b3c581f38750216024733a38f1243bdc3cad9d9eceef4ee1533,0
0x4c1b43fafd6229258d5d928328b700c5235a946e363f483b3e0425139fbf346e,0
0x4c1faa24a4220c8089b97968fdd580eb2eba3315e9645c6e02adc1dabd77c7d7,0
0x4c39c2347dff24660d8191ed75f90268713a3898f349f28592f3c1ed80162514,0
0x4c3da900b412d1813835719e9957c9d9c8c6834104920644f4be1a9f1098f949,0
0x4c54f9245a80e3e28052b749eb77b4dc96f5c1c18e273eeafafade81527fa055,0
0x4c65426b5015c0408338ab89223a2310b768c7addb0c3cfd05ca083e0db55816,0
0x4d272e631e0ca5e9e19f9ccda1ffe662dfd3229fc5a8fb3fd1feb39c3da84f75,0
0x4d3513a8cfe0e127a30a278bb8b3035af89e7b91f9ad3098df101b4db80e6feb,0
0x4dc2a36178b77ed04370469ad97e999c0d033c52d96c1775f8244a329bb0c7fa,0
0x4dc3ef29f2d305ddc18994fc5c9e6f6ac0b0b8c7dd5155215c9219458cdfd541,0
0x4dd85ed073053f87d9ccbea640b77fd9d20fd1d5e667d6ab3fa583746743d568,0
0x4ddaf407660adbe42ae59745080a1a1e1fad873691133d949f9d81570b23029d,0
0x4e5d98916e01528e9ae4d509fa55bf09c90cdc2bd8d2ff8315830b565127cfa1,0
0x4e864fc4b26d547f1603edc09ff6405bf80ca02dea461445a1ff8414bc62b4c8,0
0x4e8e6915d6e27536ed1fed2c6e0e40dc4f4a400bcfcabd72f2c9f0ffc1627672,0
0x4ed3b7a5bc48dba6334796a66fd220492c6d262bc87582e88fb87f72c03c54db,0
0x4edeb8265ba10265a65c0f405d7d955f474062786c91451c2cf9ce78d5982f97,0
0x4f277d443690a79467c83aea7b05cfc9b32369e81e42082b5016b19e8a6b2cf1,0
0x4f49d0d86bbd381664d34963dfe2001ae8b9a5daef455a342d39fdf2688a5155,0
0x4f7108b62f656c06299a1f6eb6c04d8670882c94a7dccd793b80bd8f747acb4f,0
0x506311a076a9053a5af24d63a5684bc0336bd3af1ee103d2a3c356172af57e9d,0
0x50722094f6f83c42c2081dd1a500e92b9f57f48c68e4c2c761a0fbfa1bd38df9,0
0x50ed9d6b267cbf062a4112b3178ebe301588f520d366da3cc8ec2ef2e5cfdce4,0
0x50ee9ff77a8fd31e9bdcd373c489fb14df1dbb35b2fcb5a47bc56d4f99344936,0
0x511ebf0de8054c0bc07bfb8358c57123d852f7bbec14844d41bd104d4c87c45c,0
0x513ace6db42b336ade56430b4555c703a920c56705a3a5436888213ccd160a28,0
0x516f1b09ed46bafc921245b3c0f2cf2941101184a7ab030425975d81861d74c4,0
0x517939d7d4e460a7567857a7b3bc7e6760ac5f7678f3d959750b18503aeaea40,0
0x517a2497f6a4c215c5a20d504f7cbea8db3246b569f5da6fa4906ea4ab4dd91f,0
0x51c0753b4fac8a2f7168b6012910746c95212c100f2a202e4bda8fe17ea20ab3,0
0x51d699a40a26f6790bf2de6b875c48eaa04f2082d99fd4e74e86a01e40f64af4,0
0x520290a1f0223b16efb36e23edd171188375095bbe64848604ca04de970b8cb2,0
0x52aaa5f6397d99bb3ca7d00ddef03dc41142b8691f79f1e6c35d757e2bd8648d,0
0x52c62cf420a07164d4c66202fdb77c9a3c1dbc94335be151356861b37e4d2271,0
0x52da1a2e08427b2b502063b154cc84a5902b99c171690b325562fe9ed0e8b0ca,0
0x531e5437c446baa095e10cc1be73c41d1c3be63c88e872c9298c7a0b314b0e40,0
0x5360162525de1ff6eebddc6d5aeafda8d0c302e736f12182875613a51a27d696,0
0x53896b88a579610904174100d03065b93774ef438bef1ccc4497cad53e62f62f,0
0x53a7afac6b2cfdac86f21e3605324cc20469fe4d39c4efd8b40ed48e56208f85,0
0x53ad2063f08067b11e3b1b13f7da3892a8b42e51c8b60afe1015609281640f4c,0
0x53b22859ecab523568a6cea568f3a656f61aba0e3d3bf91c20fc4eca51c4eab2,0
0x53c379897c3c80eb3f703aabea31e1b0cf83f29f3efa6e8b5d0c931418aa2ab7,0
0x5423af88e4bd3e29edff5c78b61c706eae7c1250d497f0cd8c42be948d6c5b4d,0
0x54a80e67594b1675729eeb0708232d5a08343659763b4c160efce76a90ff7391,0
0x54be97ca97e2efcceea4b892f60888cbde304063f1f8cc1b38af26b67b4d8ef3,0
0x5518dee7354f8d3cabc5992568d88689e143bf6677d53d963c4e6913dea992dd,0
0x553215f648fd40fe6afee652cacf6763ede72e2d0992bc940a5a78cfcd358cc6,0
0x556ff079748d1eb3aee7f3b1ebb05fdea48b3e5c4b600622e73fdd4d32358d54,0
0x55f0cfeb1ad2a3097d38ffd3a61553b6ebb0d932c04bc148958b5fdca2a4d5b3,0
0x562592739bea9a4a3838cd02e25c65591a92f1b1c599a8155ec3b0288ed09748,0
0x563ef2d619e9703036838461f7ad510fd3704c294369816f0ef36db9709fedad,0
0x5656e6dd0aa9cc7770245dbf498e0d172f08fe61b8e44358e0c33ae3bf4b1a12,0
0x565c9ed299eca86ba269d00d07dda3f81c1b4bb86958fbc9f5f0951022483c7f,0
0x565f70728a88f369a5c0c00296da9226337a98d0d4bff4152094286d56cdc363,0
0x56aaab030e2261607b7135b8579d1c2f5ed3b67e9761ebf127a6a5eb2bd32fde,0
0x56af14cba3e4c0878408ad973b631fd02bce5bf795a6ebbb61153d7c7f826a79,0
0x56b1ecb12b13d2894706a2239fdf4030acdb2912363aebe41f882f4e2c6fcc27,0
0x56e3b61dc54b30496f9a69e54fb1d10833cec4ff401b7de55923d58d8c8b932d,0
0x57244830d4da513dc6d9bb1eccafdc0e668bac616adb5c8c69db2572c2cc22b2,0
0x57381608b4e9ea8b9ffc2e8188f16ad4ab8f2f1db0b9dccba52aa046237a70d7,0
0x57682bd0f53c9097ba6d0aa1714927a758e4c73a8e8cd22e6287860a5c4e0bba,0
0x589b62603eb02878a5fcf9d04635e4aeaf126f3ccf7d87298336a4b41636d185,0
0x58d8bd12237cd4161a9b62c0b61ee3bb3d62c346807fe8692ceb70a12acf2b0d,0
0x58dccdb824c80009bc384d896d425636ae3b152b8f1b565271b67b1d20a4de75,0
0x58f81a5e31fd75753453de43706a22674108e8f555672dc548a2775d6454523a,0
0x590d32091a356385d55dff5f46fbac2958b994e4ddae6bbade1158fd798bfb63,0
0x59a0c5e198109f816eab0353546d71a67f34f6f9100c94e98e47faad616b9021,0
0x59d920ca8ff791ccfe53a0a94cda5811811f224d8c74a9e22b854f27b02c11bb,0
0x59faf82b4e27c21a25317301f21b1b31323cd62f433220c490df8a4cc7f9cd1e,0
0x5aa50a2e523ae667be8f558c1194a033de364af1146762f9110db9c9e147fc24,0
0x5b1a459da6748b4ce0512a5da819286db8413ac3e723fcd00f26bbb5fb82a414,0
0x5b2a59b3fdd7a9d0cf2e5c56d9371e2eeefa08aecf745856d038e1f19227f124,0
0x5b72547181f39c48085f3e7447df0799dad8883609c666a19db3ec7dc9731b3b,0
0x5bb892c6f8720f58e1a0d16c3ebc256ea6b5e411956260f70ed93b76088a1b3d,0
0x5bd2023f7e749000f57e44acef8583e8b00bfb981f1dc47f7cd6873144ed9a14,0
0x5c0cbb30ed87c3921ef9dc886e4c21744b72200c6c46fbfba61e00b0472d3ea7,0
0x5cdfd5e558a002c3dc6a12bbf0badfc06e2ed214394e2e93aa7b65ebda4d848f,0
0x5e05efbabe50d02a9d097f54af1d8a9c25fb6cad73d9fa92f370ac144bd3ec55,0
0x5e79e725865a7d2243528128495bf7fee9871854a0aeadcd460e3853150fd276,0
0x5efea14de577a21c39c6c4903efadb7ef21c5c36156cae6f9d5b53eddb534aea,0
0x5f63e14a90f6c80bda33c80fd356ba93a9e54cdbd0bd89f94d8608ff5c8dcbd6,0
0x5f6aa1854fc3339a94fd13d1258a3dfaf9054d4c473d35c4c2bf54328159fe99,0
0x5f963b8ce00be4cd91343e359ba9d9a6143bf212924a06f6cbede084a77a78ee,0
0x5fe31571c7749a223b17e81142b6939b7d4dd3ccf2b1883e316fdbf8bca0751a,0
0x6003e9687d1e8f6fd642b6d163df6b96891f960a3bd00f4207cb937d1f5c9d3f,0
0x6019b555072823bcfc9ba18fdf7db8f14191d0e603addf2525e88dd4d6ac1285,0
0x601c05a1c733903777432e06d7d375d2f5fb378f4052e5f0604fecd3a1ace7e6,0
0x607f8147270fa1512c6373c2dc61f186d59bbf0f83048439daa63b81ae0c57da,0
0x60a1746a13ba446321d307fe802f5eeaca16d21d17ab2330df6057964afc805f,0
0x60cc2ef0427c458cee6b122f6c9b11a34f56b1fe67b4232ec864a8e5928e003a,0
0x60d1db4222f5e07b1233b769f831699de4fabb526d7ae14fbf80606a63103fb5,0
0x6107c97112ddbf7c78ca2ecfbcd720f20027de5579f5e5feeb71fe13c3564ff7,0
0x613f464ad0d552b56ae93cb7039d0ee752caed6151550ec2288498d208661d7d,0
0x614cc6f5d7eb698a5427808f1695c464ab295efdae2afee46d2849217ad4712f,0
0x61630165e0b709da0951dbdc84ced1800f9607be779c0509a09082bc7a482036,0
0x61bb252638d02630086c66f11526d92f8dbc2acce008c7d549cb650572faf6a4,0
0x61caac328d73ab21bc505452eb13910b2e04ff085cda9e539a9e6350ba7015bf,0
0x628151235f623b0c856d16feb5c4df3bb45e683790aed0b96192a53a032eeb5e,0
0x62e2a2d2e7b2619c6698ce1fd46c8353f50c9d9efd673d7091b31c8cde6e5f59,0
0x63a8d5d249b002f7f90d494439e2ee74fdcbb50676129408b7f184eb04d22efb,0
0x63b043ea04ea19cca87c024ae59348e4a345b5819fc6062183618268732fbd65,0
0x6425d013043d0201104d373a399435a31885cdf8a8843b34d2e719e349db56d5,0
0x642cb6101fab32f28cf5d9c5b11295cce6912242b41681029b88680b05203768,0
0x64533451c8f27dca89ac672543356f35529517b32e9ce98c78b542f47ffb7a7d,0
0x646056cb084b93793b6099b0ee6f19ca82b7eff3a49df3cdc23b4b7d07a10cdb,0
0x64e9f5c1759d7c8e311bbd86c59f856df69528c263c1858cda51e3c3de0bd8a6,0
0x651ac6b604ac5bc33708a3b893e52b3a830fd57c328dacbf4be9bf20c73ab85f,0
0x658394e62eb6dc0f3ad24a89f81df5d88acfd75a4cd6b45529585085a4997844,0
0x65d2703b783094b4409f9fcadc850922c8197d7d608de441d9743bcbe302aa93,0
0x661361c8a268b685c561086b722f888db246933950b5e7feecc42f9be6e41ead,0
0x6648939b06a8c2500833b5f5cdd741821dddfd69478deb4e765341e1a87a1ce7,0
0x664cd1f946b5d70245c839320f8548db4609b861b055f0c88075cedbe8217b2f,0
0x6678c9c667a23c90bc65ce3238e42df15b25a6d68ffc9f05a1cb1a703b683de4,0
0x66c4590060679a00fa2668b364440fae6bc116ce935ebd8733b3c6de7f4f6520,0
0x6730533607791d06613434445588922720d488b1134cab9ecb8d88c6b0822467,0
0x6847f7ba5b36bc55ee48b2191ae0f67276913a786733623e05f9bf9f88615fa5,0
0x68dfc0374d930bac24290dfac7e81d74dddc1fd7534823a2a9333610c26d632f,0
0x68f2b85c39edb15024eae8a259354b898bffe0c5a939fc3a78c10b6e6daf03f7,0
0x68f6e62ac8e6c4298fb8f1651af1a296403fd71bedf58ff3cfb9e47396982e2f,0
0x68f74cb1cc5a08fb3e3573b90c43b37a75e6a80c75d07e310d4843cb7824a946,0
0x6902e8196ecde9913f631c7d51ab0975175089f64cb3e93dd2a338e9c7f8b297,0
0x6913f85e3e8d63499fe15c186b0ece5dce7f2ea9afad5b79278a1c86e55d830c,0
0x696cd5d38461965c5cb6643368216356d88552134b5f71e5f31c288d8a7ad50b,0
0x6a09c4547a0921025674cd1dbe6e6bac7248da31ea162c36edf04bcf5e81b9fb,0
0x6a427bbba9375d2f1305afaaa24322da1d85e424c16e3b31d871b4650c9978af,0
0x6a8a8899e030654ccb9276401f3fde2bff23f097a915e11e185dc147e6253e00,0
0x6a9ff2ea26c47c864bd8fde0587d167ebf697fa0c349b89cad771b26c9ffbc49,0
0x6aa450badb112ace141942ec42062533ffad9041514c48648b32047d33b03b7e,0
0x6ae4808fa69aa605db1df85adf755b255c59fa66780af4ce2835ab4f6969db30,0
0x6af5a5398245117383121cad37106a7bf2cf4691d03ff6c5152142a7f339bb34,0
0x6b823f63b1af0d1592f911255cfed80b6d5dd03c5e655d0c6d41cbefab73ff90,0
0x6bbf6913c1de22ca69ef15f6f292530c80202e99fc3545b7e09e3c94d9b735d8,0
0x6c5d7d88f4935b156673ce7ba1f881fa739ce8e22a9fe08be232fc9054cb5c3d,0
0x6d1e12f04e2646bda91670c37fde5317e978dfd2731444aaa8d36d419bf5fc97,0
0x6d26ccf2525234018f3bd6a7648d7bfe965876ee790deb4ef85cf166f43692bd,0
0x6d31cebfdbc7bfa02fe2485c902a018f6f63a3885fbc4b2801962cf7ccb57b2f,0
0x6d3e36a3ba8b187e285a85fe97383502f927925e54dd85a01de832235ca0cff1,0
0x6e03d0f98fd6bb7efb8775a15c63848bd6cd3fd3d7f6fab07d825f0713f7f5eb,0
0x6e2f6e2e6720ddf4f5cf19eba229b0c6844cee016beec246347a40ccb3db67b3,0
0x6e6ec37ffbd9c11edce17dc74c86f708d269c3e6127712d03c080cea332f18fc,0
0x6f2b965c36e2926a85aeece1ad3284daa0113d6eb31a3bb78d001bdcfb927fb9,0
0x6f5b75030f553c80b478cf33f269115adc00bfa76dc7aa263b4a2ab42b3a8459,0
0x6fa63072d3431a9ee229eefb75d369f4d5d67609788af84d5b4755b534e77481,0
0x703edf3c4cf443f825ddbc7dccdd030346ebbc382399b86c04a6a2ad68c03d7a,0
0x7062f4c5b3887a323a87c27aaa63c8e08fc0b742b0e6ce2186943e7c74b8635f,0
0x70a83d4d0ca6b6e24b21d8d5b1b30ab957db15e4acf781ec93709e50f71dc4ed,0
0x7159fe27108fb4a0250f1f6a19b9f70fcd618afc45a295f08bbeb0d0147a6790,0
0x717e196ba9549430579f2cc9e04a2a0159682ec4dd75807602769ea2b9df0258,0
0x719603c81e2f5a9f10f29488e63815f04b0509e2a1ed67d82360d7ab5088ec1f,0
0x71968deae61cdb94ab0ec5b988ee8de42b06718c073754c651baf44686b3c7b7,0
0x71997df5c71b8c000afc33b78cb3a217d0381fd50fffa8d1758a9fa37f3ca1db,0
0x71b50ce5b7b6d90d2e3245e703dfd48ce45c677dd66bd07d71fe3b12cc1ab24f,0
0x71c411f0ab10d66c23b15ca05f3e8de07a18f6b361747cd228ac7edbfb406c8f,0
0x71e8652abc8e778949b37407afb95b417d224a4a4e2699ef8cdefb17778a9457,0
0x7210450db89762afe61f572a205b44b001d542a1c7877aab9339c464338b2712,0
0x7238d588aedaeeb84a7c18679a8670d528c15c59f62032ff156da621cf057999,0
0x72dd285b4065b5d43634b3ef95726c510cae9043d16d868a0bf6a26ad4e86730,0
0x72f39c931e6a3569429ccd489c841ae46c3edbbd35e893cfc828f4b80a24a256,0
0x730fcf48838e33ec316e573f55da86cbb8e96f81973573769c0a5906d1824e84,0
0x7317b732aef0a2fb6401472437ae2b402151511414ec980cd1ea52b0013cf0bd,0
0x735f2a20a315216ccb879aba75f077e04b767d6e034f68b22cf6d8af44d307e9,0
0x73b09cd1241ad12541636744316cb7b63ae226004f8715374c4b2e005588b2ec,0
0x747c4c558897b7bf50f212f1166f9a292efe6cafdf39d49d636c93631cd065f2,0
0x74a2d43fbb34de076b1634342d8d9ebc5e2274705821b73c324e577e86960b4c,0
0x7582d30888cd8dc7690cc7afc6ba94197fb371b41452b7b3418aba37db53b38e,0
0x75bd6c7ec9949c2b89a565c385c8b7338be55b8dd73fed9f8bf04b602a397278,0
0x75ca0b87e4459b6e5b785bf1ead593405b584630f61e86d3334006fb641b6b0c,0
0x769dd4c6039d0e049ed7045401c316bfb1e0e644989125e8fe543ff149b9b599,0
0x76ac57fac2b6c8ed85486a2f8bcb47def8fc1dab173a572cd4b1cdb22ef0108e,0
0x773133a2c49790be070840abe912f1a97892576c59edf07bc50894390fbf0255,0
0x77ea2c637f6af78448b70615ca13c98ce4a543e15b7105603968547fb3b4edd4,0
0x77eb9d87b0ac38b386a1ddb8fb21008d43b871f9f3c3aede961984e47f1b77d4,0
0x7821a7f8dcc8bf5e4b497280b47ce6bb820600c6d21e36905a73e7af79b99145,0
0x782329b16b099e1bf7a2802871260cafcccbf0fc2761f892d02313938652a482,0
0x78379337c397b895c33d71e71ecc2e3715fae30616ab3a39905b336d4b72e8a4,0
0x78e6973d2c8b858d6591944e1bf05d292f895f11f3cff88089dd360a8646bc7d,0
0x792889b0e8b625e134b4acbba96169a937e4f3516054fde23401e811bbcd2f57,0
0x79da846dc2181546acf705a63189c2088332f48474e17b44c76558d92d0dc78d,0
0x79f1323f5787ac78a05ee29ee3347c5fe29941e9b60d2c2146c32cc3a00d9db6,0
0x7a1187ed4e90cb06d97db18ef593f52c283e1722b41b75628ccec0cc6f9e2cd7,0
0x7a46f17906d30c1bc70eb7f2b58b56587c1cb6725921cf0bc7a9d1757f6bc45c,0
0x7a4a087bf3acbae9c5c2a338673f773263e9b5e564b7e249f8fdc3c5168088a8,0
0x7a4b7301fd844be7b0525df9aac1f4a097981935d4427584ee3ca7a05326cd94,0
0x7a62eca6fe2dc36322fed8b70ebfeb0dcb2dfefb17c578e61ffafae6f956d813,0
0x7b030bd5eb201ff60579da05132ee0c0856dd1b1d7550ac43be7b09d7c8127c6,0
0x7b4e7cae6e2a7900e08ba819cffc4533d6cb4d45bdc91387289250bd98267801,0
0x7b89ce6953328a779d0e461786eb8fdd63ee00925c76ff284e3feef80215eeef,0
0x7bb5a9febfd25f303afa809fdd8d162b29b010c34e3903bb79e5b1d30870d13e,0
0x7d1f090867f5ce2a567588c5f0baeb27ffd1a301683465410a42515505b7723f,0
0x7d2f46db94dffea49992cdd0b1377945389e98b34265944ede24fd90703d7eed,0
0x7d44f958e9f17ab33a88f1b3e65e1775ad83a45de168f9dea665bdd4dbd2ed56,0
0x7d71e3b055e7b23e977630cc1508beb0880edbdeaa06abbd3b22b386f624736b,0
0x7d73acdb6abe933e0b8a77e9d2158076b47a37b657e6f2c2bd8397d298670e72,0
0x7d92bd72ae17d0be0376207a7b12b5d9350f625dfcfdfe444ed3f01446aeb963,0
0x7deeb1b18b2403500cdd0643ff791910fa76979c57c8d8aae72dd4a62d7cca0f,0
0x7e1b40209305b119cdc0d06a6cf311fedcd731ca03c3a0cf67427420b4867391,0
0x7e57281bd71aad5cd0f3a792192b392282236cb7e8af7ffbc6ba39f0d7ed7413,0
0x7efe882bee902b6421b374ea9fa7636cfada77f4f7833c0a6d4946b4fc831d0d,0
0x7f0faeee5327eabe027948ffb537805c4572378b76efd5da622778746a03688a,0
0x7f8d72207e530c54359562e049ab41b6ba947a9987b8bf29cb634096933f8fb3,0
0x7fa1a82a05ca3bdc34bc0fba941e9ef95c8b425e469e0fb37f66e9af3186e7ff,0
0x7fa81acdf1321b6e4e5f1c4edd8c6d2c6eca1493fc5f0c00aa23cc7e65798237,0
0x7fb80551ce84242f96fabe38ee62a80727ca2fcccf9fb0284e27876aff6b1d9f,0
0x7ff7664efbf573ea241df2619afe5f79666d3356d7b2ec50c0e54b7753e276fc,0
0x7ff7c0da4912f8499e578551026587e50741e123c1fbc2745792db564a243782,0
0x800fbcde5e4018277cfd8cb76cb1f59c8c70606dfd5af848ad5a6659f823129d,0
0x805fc34cefbd5be036424e74521054138fa76e66f9b069ae3369d1e41c5f7b6f,0
0x8065947c33929d231293db552d811519d60cffb1e7fa4bcabe1ec9cdfa37b203,0
0x80925d6fba1a909600883d3d4a232b174f17856ce207bc8da063fda80ef3eec6,0
0x80a33544fb3462d345b7a8745d6dd25d3d9f580867b28a4a96394bf55b2fb672,0
0x80f1c57e8c69e0a814553bd3b98a5f68c7baec1857a78ba1e4ec7aec0889143a,0
0x8139e90b3fea43fbb82a47689e8b3ab501f70b40d2e8346fa68ee79c60ffd90a,0
0x81da899cb5c1139abab23500ba67aabefe72f2c9c0b90ad6a3f7cd004b073af4,0
0x8206070052c2a383a94851ec40e187e362843087d789ad7c27462da01788aade,0
0x822942e972da8101f31a569126f55d33d67106e963024de2a15993714830bd34,0
0x8238ccedd1800a63e21bb95ccc1136b61d51f629c2420a054195ff0c0ed8957e,0
0x824bfb023413f1a315897319a55852672598de1143485723cc052de150244716,0
0x828e0bc54f83ded9dc19b97717a2b9a7edb0b952e294279b4b516607f804f106,0
0x8297898eb0e7aec9dcf4243f51b1a21a293c450791ac63565b52de6986ca1a14,0
0x82b932553d6f463614a0c8fba31fdbc6d3471e699a1c5c4cb488ff43e694568c,0
0x82b985fed38482c98700d81233aa9f2515afa5cf42cdc83d04aa73f65067a559,0
0x82d5e2a5732de3227f313807309b4b1f3aa339122d440482f4cccc5c36b15a8e,0
0x82fdac65dcdf6d0c771c0776d789bc4561873990efeca264f1d0cff0b88e2919,0
0x8305e3dcf3431219681348448cbe5c9f6cd866ba5b621b2374cb388fec281873,0
0x831e77975c1358e725e1f21171296b4e61b61a256018434d5eedac26beb0cb67,0
0x83878409506c5236c5d031b694e1d645c740842c62f959e46a50f2d926a798aa,0
0x8468550a6b69b3e866a8d836408e6ed1616513d9dd7d874838c4007a7bc8d420,0
0x84c0bbfb65c2bf872661b08db01e0f8e51e2112e455fb73583bee064edc88df0,0
0x84fcd97b4c086d7791fe278febf3ee1f2f28c4fe3c3fc0dfe7e208c4951a9c8a,0
0x85c32219b86ab582e95a99e64f1d586bfc8665dd4529a1ddad4c0bc23cc2d2a1,0
0x85d0c3cd5ff95578c5e9d9d39cd92568567c550686a977cd8f8a54af17dc3e26,0
0x85e5d21217d49beb5a1da83a5bf03cd3d7f93c3d63f55844b9da72e9e4f2d370,0
0x860d460c48ed95f80f3c6fabde8e6a70ad33b966c5db155861c3711394f4b51b,0
0x863428f27a5cf4af8a9bb6ac0de2595b16e70b67b463a0ee57ce878548fde62f,0
0x8639f4d1a556de84f749e96caecca464d36776e172b38a4aaf2dfaecad7eae8f,0
0x864d4327692c8452db798b4cd177456cbe5d36143ec2fc5c1debe057bf9cee9f,0
0x86d1dab2c6b94dd043ab03dd5289adf046633d9ea07cd56fd1a32f3069ebf2de,0
0x870f10c909aee7d6bf930014d737d243e25384eb92068e614fb029d9e7449e78,0
0x871ce661258bb8005a3b6b093a4ecd3e5afe18343e7348d5f84b5e786cf023ea,0
0x87267a2dd7dfa999d3771f4988d17d4389a67d2889e8c8be0c683325c347198f,0
0x874f1de0d2f72f1cda245876bc109f522a521b9a100ef85416516450725ecd89,0
0x876d5f20fdf813ecc72486eb32f7868fe572fbf790d0a38fe7fa9c269474f391,0
0x87cb69dcc4b7a6bbe68fb9462edc3944f1192a43b2d4ae3c9ac6925abbeb2987,0
0x8800712c5c64bc8a95f5f9c1af16d5b74f712372cfd5239eb4da453083dddb8a,0
0x88227ad0813085542c528a6ce304afae913036436c55ccd168903b11928bb47e,0
0x88238780f589a1357f5d6a169796af184151d083f4be72b1b55de74ece923b02,0
0x887e02ff3fa496fe564af38a4636cb9533c12a4e74c3486d0b3341131cb812fd,0
0x888c76750376178a99f56652ec08740aedca7a7352158b4d08e2797afae6cd14,0
0x888fcea9edab361e0b062baa5f28c95679f24ec5ceded16ec141a2417427acfb,0
0x889e1aafed53bd0d2626bd9b90e53f10ae3fd4b42202831e8e351cf96b08d9f1,0
0x88be79bebd499b96a8fb602a19db6c28f4f3363421d53723a614097d1c031920,0
0x89d64bd3f88d41d66baf81591a60f72a74d9d3a6c2329a8a6d2a5024b9d5d06f,0
0x89de3c07217979c33cd9dc5f87a740b9b9ebd320f0fb73fb71664f0df6b4f28a,0
0x89e37d07bf2eec77e769bf3e6c1543bc9a9295e63bb280608936ed5daf278d7d,0
0x89e3db2b5c605bdf30f9de6a8be02c512f2e42a3ef4fda351ba7500f19b80d78,0
0x89f16375902558062b1ec7f5cd53f07e5413052acca6bd0180c6f5dbfd37ec7d,0
0x8a40aca94e7b6c9b18b513fe049847ca196ff776e25ae048785ee6c846e458c0,0
0x8a76d6aacdee75bacbe8eb02c5b93d34286c16bdb3b59f99df0812e928ee2a99,0
0x8aacbf1fb69dffc61332839b7549c99a38e935ffee87d5b5ec85b0d5ca1db67e,0
0x8acd7a3d788046b0c4bdc3765a6141c20c63827ad460fa5efe29916ed721e889,0
0x8b456722387c09299c78612dfff50f5e1d1e8e60973512b35469710f9c789105,0
0x8b89e2aaaca1d8dea84e93dba656856f4d694ac87ae9cdcfa638b23576e9f673,0
0x8c42db3d75ba84a3d8d7ceef63a3dbe798c054fcda35148bab8b65cff6c1d841,0
0x8c509b3a6daac1854db8dbfd0aa0b05b00116f6638cb9b91b2681c35fe01f97f,0
0x8c6618637ff7825451b1814e20ce69c26968d20f495a85dda0169f2a0c7243fc,0
0x8d03ab1c48c20af910e0065dfe416e9d9f14c740c607de9d5443eb184c44a995,0
0x8d66c16a01f5ff6fe271f978c9a968815473058843f8a877f3d435f90b1da502,0
0x8db92edc11f039559f236a539285d16363e67f721bebbd840e6a17b26bb2d75d,0
0x8e2d659a9507eeeab3d11bbb8bbf1f946fa4f32803067a9b9f8aabba2e288e0c,0
0x8e2f762e5c1a87e2d1aceb3b3299d67ebe91fe8da5a4f032a7efaf0a4e939ac1,0
0x8e84286bb308ca2cfea41951d2d60c932cac3bd69c7613596a738dccf2b87290,0
0x8e9df694f0fa99ffe4bbcb40863a158b028c31594128c271a3afec5f7b6d28bf,0
0x8ed8119586c3027ed48dba2498ba39c14339cc01e9b81513ad6500ba81f52325,0
0x8ef36715ab27218a5953ee8422a3d99978a247d8d578acfaa377c4d6a015d30b,0
0x8f3eb6ca71a6a8dc697f18fe560816fe002ede743876f1b0dce90d01c1f34d29,0
0x8fe4c0c2cd0d291d626d3e53b0d8d2b37b3ee338201dfebf72ab7c3f73d9fa23,0
0x90273c9846014c53e5ab085ebc09b2769668a26acd9ba229dde8995443e5c15b,0
0x9056ad26d72c048af972b80c014b4dfd4fe35bff524ebbaef2f88e24b87edd32,0
0x90b681fc7054ff60a8cc2f4093ffd7afb726cd0a57e36a76300a13bd52ccec6a,0
0x90c8ca7df26fc4bc275f181da170cb1857872127c055ebb9d453ef724658ec8f,0
0x90ea0bd540c28c424f63e020883cf12531ba2ca8aa1438b4b33edbe34cda3636,0
0x90fe73f680e497d5330da758ddda8f1173c242f5bb18c1df3a0eb58cfc42f331,0
0x91b7cfbd8454a51b9a7275c504676b1611fb3766038ad01da8102bf7ff141c07,0
0x91cceb71d74c5698f3a234c192ad73261cafdf725551575304787ab8ff269d7d,0
0x91de057590a5f6132d49d247d6a46bf5e3aa55433c1a2a53866f3995aa1c498d,0
0x91e50d3403d32c23deaa478f4f203db7e1628a60700c2cabd009d21a83b476bc,0
0x9235c81ccfafde56f9d25a113a99709e089e244d85dd3788f4b90ef2c4f7049f,0
0x9251847bcf0103fd447b96a6c5aece5781e83d7d975bf4d95a2075f38bf373f4,0
0x92c244fd70e886ff997215341378bcb8fa8755fce7f3d094c23b640b1f2e9a78,0
0x92d02638633de3aae4255c2d406a4144eee007d67742ec62e66dbaa3b98685de,0
0x93021834a9a180cebd9814cb075c9b038ffcd15363bf66d6935f78903a432a3f,0
0x9332cf9fbfb31fa85f612d63355b0863b7306ecd428927ff5f565cc412d22cfb,0
0x9391a9b2034befd315f7e5e6129e655afa0b31f1123fef6cf00c6624515d8431,0
0x9478ba5331c33da331c4c633b7a1b173bb4f74016b741b922e935c6e4a8194c7,0
0x94b653a4dff7c03cd163e0b61883d019348b089212277e8cc11e692b6011b604,0
0x94c3bd204cfe41f62edbc87db237bdd124e246a5d2d3990435455b1ff7aceec1,0
0x956192f401b37c139265d0859c50ac4574342a13e0ca0d84500c0173f353b233,0
0x959d6d7261e76390389f3faf65fa90db6465f18224b14d17159a235b6eddf8e0,0
0x95c151520971064d6227e15c04fab14c51419e5f58ca91a083f73ae9becd23aa,0
0x95f177baff613472a79ec97314b8532c57b24929a07ed9a8ddaf8b0af263d561,0
0x962c6d5b525e01e95b109aacf8b7f52fe5b51bdefb4802ef174518fa8c6259ff,0
0x9654d7a09382817dcff0bef69913068ac23e7fddf6a7c87556c69613398baea6,0
0x966317d98fb7288488a6ab93df448f9e0d8212746b740bb4d150a1c209b42552,0
0x96a2d2c7b7558b35847f681f7cb91ef8f05258e5bd417680950809acec1ef523,0
0x96e7ca1b32d3e850e4a20f0c4c6a40b2d3eb2d3810e10f2cb15f9dd933b065e8,0
0x96f93547e7d09c81e3183beb6965c59b3b5b5aab03cff47682a517dc51425a4a,0
0x97666e6fdef9649c11de731043e85f97aa00b44afd6e275824ed572763f667ff,0
0x976ef3c68ebcb9d3c06bdffef6170d016e746b38a5c8f80d3f50545d9cb4dd44,0
0x97a74ca4eb384d8036d174be176bfa6a8f1344dd6ccbe81a534f3293b3ec6373,0
0x97d459eb107b7791d849211b89ef9127aee9a3a3cd8bff871f4318dc3b682f20,0
0x97e0f19851ab72233e382d42e2df8ac37dbddc4597aa613b2e5fad0927f7bf1b,0
0x9801f8b53506e8ff7e6943d3522284ed12eb1f372d7257938c4cf25c0d3d0c77,0
0x982d72fdaef9d37ee7ef70790f781c83cc42f3c81b82d6941d20107f4022032e,0
0x98501b139e8d50af782c382498f1f0b22484e8e5f0e46653cc1ecc7cb1670a95,0
0x98d1fd9b521baf34c871354c5ad90a30ef15d7466550412932ed2471ce9097a8,0
0x98ef8a91fe6d8c6bb418083b93ee12bb79d7b3ac822274a611b96f63bf5d5296,0
0x9965f77a22745e362b267474497e8a95b381cf8bf9d26cc9a3c19393c8b311b6,0
0x99674b918c2971388060cdaf29973a5547a8874cb555b6f90ffecea7fd17dd42,0
0x99d058d565787b078741aaac6d7a764e3cbbeb6f79e947321e00c460c1d488ef,0
0x99f8cb538897b4c22f3a96e46c1eda0fd8dc4382b643d6aa590c93022078eb73,0
0x9a63b6cb0f24eb7c06835d8a38323713725d09aa63bde884b3e91dd1e066cdc8,0
0x9a6c6d9d0948594bdab6748fbfea43db8ed57e2a5ad914c3588ab6df515beacc,0
0x9a9df9be891411ff00d7ba521c8a7800b000052fe91122c04201c30899ef5d43,0
0x9acbe2421721554a8c99648fef5ee50ca50a3a7f98393fdc0106a06831c79af7,0
0x9b426e3458971e1d8a733d611e902112d73ea2bdfaa1bc2efadcdfc0692e90d2,0
0x9ba45886bf24237cc4522b2c64f280e849e27dd4c568d1daf81762fb5d7ef286,0
0x9bacd9b92401294db4d8fe08b7d973ab2c17ab8ceaf79598a60ced95c8574612,0
0x9c37815abe752026c6ca4bd5be5c045b79ea3e5f1d8ed2d57980d885202ffd96,0
0x9ce244588dcd0a82196e2c3490acf00b1b1a1d973050ec0001dfabf20b275b16,0
0x9d022797a4cac686c127e33652c03c58ef886970931f84400bc3450719c2a483,0
0x9d2b071d42c5c95425a6029a926c4c7e9ec45877acafac562509ac5d4218aff3,0
0x9d81a72de4aebf30c01b19170b4bf9a571624b14e4c826ee024f26091fa2a1c7,0
0x9e0771d9143d4999b5e9f81fe892a74579ae1f3ce64a11f14ad1aea91ad04d67,0
0x9e1a753b5cbc84c820fd942b20044d1e545a5796a97859754fff863f60182941,0
0x9e58280e542ac3b1e478208aca9c66a51d3117faef8e819089f5e8f95a0cdd07,0
0x9edf093b93a3c2f5d4280476efe5373ea2c844d6e65a5a9aa9ff14b95ad7f112,0
0x9faf65d5b1e3782343ef8b75bcd4b8a82c463a6aae67006c9d996ed5cda20ee6,0
0x9fcb93e181334e59716658d68a32e4ea3076bf92402ab7ee9163a5c3e5e1b8f0,0
0x9fd355e95468e082d2361d992cb144a9637e89cfb9911f3869db23dac9411fd7,0
0x9fd737a736dcc9d19616de3be67a94f9a020f10b14f78442d64d85aae1b90363,0
0x9ffa03c4d1cf4fbf03249df00ff6d52aa34a089689dc3f009f16aa63cd012fb5,0
0xa030b11afba383204ed6a27a0101aac998d2b3d0613ad4a27cdf57ed6f2562a7,0
0xa03d3151488dea5052fb05c661bb6dde31a49864228f851ee26274127e0ba9a7,0
0xa05c368f420b146a9909024a6e42548aeb884b6b833be6ec9f45eaf84f9735f4,0
0xa062a0a4a7bc0ab8545d4c6e732646dee6993a4d15f050b812ac4673229b68bf,0
0xa07737686cb2b830dc97c5e1a60054b912a3c52814a344a05b75a76ab956a6ca,0
0xa08fb29115b04e8832e8903758dcf4d68d89646a8c5e2689728e6f637cba0346,0
0xa10b9eddb309fcebae649726575201c9214343f483d8d219971e05d74d9cdddb,0
0xa10de88ff653e46f36a4055b3fecff2077cf45640e8f85a5954ca10a138a35ea,0
0xa12b4b5e94045828c2e484dfb5c279c99f2bc895ddb5d98bbb7d31a78a47e247,0
0xa1312b784e0bcac0e89cd41d96eb28fae51fdb6a1e8b541535157165203e700d,0
0xa182aa02c61f52ddaec38d5cc9558f5ea367241880650dcba84eb6c3bef88a2d,0
0xa1b972798e09f3fe398676804a2637602b10803e1801e06f48d24ce4423e1fdc,0
0xa1dcdbfb54864e6e20e435b3cbd9039869620b512bb56fa5fcf2d4cce5b567b7,0
0xa1e24e4e278897423319686ab26e48a1a8ac37eb4c687f58d1c747bf157d19d9,0
0xa1e74c5a41cc7dc5fcd873288182a341874ebbc3143173ad759da688c7515c77,0
0xa24111d00bed4fbb86615c654cd9d4c6cc5b9526a8b1b898533018040b745bae,0
0xa293eb4a0b3c29732b2807d46c802327264b8fdf6a69ff2cf62da65bf271a162,0
0xa3383ecda7eafdca656984b03ba604f76e753ff85784291ccc5e2abef564f697,0
0xa4b1bd2065c41eac36ae8336ed9009fbeac78bdb370319078814bfddb2ff2621,0
0xa4c343821853e028730143f8602c0f2c3933883a7b29cb342d115f152ed3357b,0
0xa52e05544e31bd461a2c59dfebc334460367469e4b89f9bd085027aacddd9294,0
0xa53af37e1d05fb5ab4a289243fdd133b8aa0eb8b025570db9b1c9286bbddaa5c,0
0xa56ce73da60df4d20f6858177c6e7dc72fde0d6f4a85723806ca8428ab171b9b,0
0xa5a95cd84f0f04c197e402cd1582aec9a3c5b47e66f7936596417f4ff68956ac,0
0xa5ca3c17deee8e6b21e1fb73c11cb3bbfd7edb8839c097eae590894b1d8d9f11,0
0xa5e6cfc7ccd2ee23fea371acd4dcec99f86ce366ac8c442adff1b3a13294c38d,0
0xa5eb1dfe9d89a906b0dc01b454697a71bb93ba442c524180254d25a71bb3c7e4,0
0xa5eca368e11d4f8a22eda4b8c9efe17fad08cdfd2629461d6289a88ad69942ac,0
0xa5f1dafa03720c68c981f4ad278276bb8867bd9a59106ae959ef6c301ded8a31,0
0xa6807b52b4afaf96a136eb5721e30b2e871b210dd45d12a2c9cb960e833f5358,0
0xa6a9bd43fb763b9aac9fa06e6c8a783246521eea9123938b92d3bf2e5cae649d,0
0xa7532b89867839aa0b35fbedc809ee79e1ea3e5e121eece3e89f2b083f775852,0
0xa7539b2f98f038dded7d73bf1fc693ec94c0e3a503fabc4a326b0fb70022b1b5,0
0xa78095b011080637a70bb739a63ccd44a919692bb7fabd0a9c40abe6f822f830,0
0xa783120acb498b9d5dd4d602338cdaa61b495d5bc370cf56b1d76cdcac63e1a0,0
0xa824f401b8b6771cf3d43bd3ea767f8f92adfd1d0c919b2302f5f99ae63d3774,0
0xa87ea81ce46b35a25536bc69d81dc7298f46718bbfb41dfbf7eaa50c5ef98565,0
0xa8af82040705be0e46e5acc2b6363d5a5536a9068462910cc1d25963e188088d,0
0xa8e40a2fe7a5c16b018f16dbada97deca5705084103b176a8073a44eb051351d,0
0xa8ea6287ad5c6ef0827b8bf80157dc98b902e0fe654945f8af151a4051fefe6e,0
0xa919d26dbe4e188464c0587b6a4a9034109ef612315c3a30bc125628e17b6fc3,0
0xa98005533149a6768ab43a9e8da101066fbbbdb13664a77c600c5a997194215d,0
0xa9a7c216a8feee1fb792ad241a8a699dfadfa1cce1efa1ecad5050b0dbc531a3,0
0xaa0f8d0591737276aa739f4aced7cce0b3fa2187cbeaf47df3433d41ebdddc88,0
0xaa411bd69517ea0bb49047be077589593af025d73bd7d53bb1d7524db23fda6f,0
0xaa469a495c185d17e6571b3654886d22aaf3d84fa905a2bedc24099fa1100d89,0
0xaa6d5c9b30ddef645624c2e4b889997e9ab8df94d8e34f87a37dcce53a787b88,0
0xaaa39a015b6f7e61f9ae677ae658755d9500221737b5e1d4517cefa148ec8e61,0
0xaae8b9026fa8eea99bf9dc2cc76d6ecab8ff3aa2ce9decae03e9809746371cd6,0
0xab055c6a474676fc25d19a9129881615eedff7bd390f6ab3ce1bc14c196392d6,0
0xab74cf1faa5d139412fec5f4c4c0cc878bd0b11ff7048f7cfbdf9b267dee14b0,0
0xaba4c26001cceebc07f14f919ec6c8544beadc9d65a39f4d500018cf3186f59d,0
0xac173520cf45583863f46f7dc21fb16dfd1e9837414ad83d60bfa5035888e530,0
0xac7acfd28763d9cab6de88201b0136dc7a6b198dd741950d9ba1b1d292c7abf9,0
0xacdd284c957cb5c368d73a8634364d44d9f1ef69550ac3996b8f7173679d4dd7,0
0xace57ebc4061faea01d4c7930a36b210cd9393c6c086dfe525f3115ae8e33e49,0
0xad7562d93995bd62dda0cfc6eb315824e4a6f0e7ac8a26fbfc3526f44a8f4f88,0
0xad824ae9cfa29ee5bac7753bce01227107100ee6997df2d17a2ec79b15b6e24f,0
0xad9ad5d2e0e4bb7dbb36dee976ea6b7675c511af09ab2c352a9b47930b97582b,0
0xadf0098327806339fb520f3e7c10403450f8953e67ee05481c53fe18ae31a9fd,0
0xadfe8289095ef2b934d72fa93c639e8663abbea3635a8b4d776a1872bc27f21f,0
0xae5d4b650f86b957836725c6dc01eb5ddcb06f1298e018ef2a85faec119a5dae,0
0xae614f233e68a0ef135678ac942bbd62ad3b790d72545ba0c64ff07245aa7e2c,0
0xae6e5146d6d577650dc175d4c1cd29c52e786585f2e11ef55c90bbfa991eab05,0
0xae78c23a387df9d5de96b9a2773ad99795c74ccffbc521413481560d2dc7b661,0
0xaec035ea5157644efaf09092806676924480975129b07609f48d7a9ee4d7310d,0
0xaf209080deb4821c7602a5f95cd538972df59eff2ab54f0caca5e47204db21fe,0
0xaf2289bd0c1ee6a1fb6827cf49ca29e5ad9a764ebbc6d42a4bd5d4828d2ea285,0
0xafa775940136f2759c23539063cc5e5fe37c19626ee1d0c058853d7bd414f1a4,0
0xb05d20853b77f2d32a5266f6fdee9d8a0713a893769621c5ba02457fada8839d,0
0xb0dee1cb3a22c943124d5ca0457117deee188605d50e27d9e4c4858035250a4b,0
0xb1103f8cb9f814d8629e561caf8e4fc934de579aa580730beccb304854c507e7,0
0xb1be8dc91a918d2ff20a00c4cc0ad1eed170cea5ed83de46fda5b673ae1b52da,0
0xb1db113065c98a50021c676e3c46c5bffae52daf87212d3e2ef29c33c7c745fd,0
0xb1de1f5d75453b5d569d4db90ecb541ed5e41d0e41d69779fa26122d8c96b320,0
0xb21c7bb7b9299e23e7f9e613c2e69de62bdfe7bc5aefc53399fac970763fcc89,0
0xb2defc05ffe1f350a762c7170dc0af99b25b8af78f8bb15c35982a2b21de0da9,0
0xb35ae1eff4282c83ed7d6b4e8be6355cd2db3c498945cf05856d9e5ed75c6680,0
0xb3bba704966266cfe0b457e048215294ad79af116280796832dde53dd5debf63,0
0xb3c3918cf21b60936b4047f5b6689f20c90008e5c8036a89f115d6d2932c4473,0
0xb3e1000a1aa93aadd95add9eab582f026184ce9caf0439b597e9dd36e122acc8,0
0xb41f1c68ef3faae5a2784ebc783334c1bc30425ffe3028f67aa01e1938aacfa4,0
0xb4212fa04f8c5f1fd90c898d7851543f116c42affe25d5822d1fdc130063810a,0
0xb4543e0ee7025725c2f1788befccdfd9a6a77a788187c4ed4810fd8e4044f081,0
0xb4a53b8672e368222fb4e9971ce3f8c7681b2b3b17a85b99ac7081f79ee59e7d,0
0xb4b11d10e32fd147d396a04d14428be1e8ecde09de3398d3bce4daa0445f7941,0
0xb53bd64e6cd63889c15f988b5e64ec745a5ebff39d46722705f64ed0df8ed82b,0
0xb575a0f3549f721af6dafa9046d15027572de8434c587b2d5a5325e82651cc5c,0
0xb588b56dd6fd7181621909b33948ced0e51756856561eb9789ae9293f536cfcb,0
0xb5b48a41504b5c6668f34c96f6cddd58b4791410ade4a16a0996c4510fb2803f,0
0xb60a1634d29a58e949afe02d6fbe0b26bc0a78f14d301151f664307d19d456c9,0
0xb6844f662e85ec910181d46366be23bfdc7dd9ee5def0fd2baf87e4fdb3cc335,0
0xb6c3efbf3dc9953a8f688c85f7c01fa90e619c48802649fdd0050acc7f8f946a,0
0xb6fc4473a10517ba4bf5b0abc26937b4a6de1fee4a66b8935a461838609f609d,0
0xb7016db6a9933963d8194b18dd6e4facbc389c8060bdab8ec634a32324126a05,0
0xb7127b2f1a3a1872219d303f508bc59ef42116c0c43268e7dbfba0602a40c990,0
0xb72da99a86fae4d1dc09dc9b7805570ad894f1c80dbfb5565fac33ef25ba701b,0
0xb7ae29c9ca818852c340bc3c24033996ad2af31fa40af3e73f5c9ffff0e2cc9f,0
0xb809d88cf14dd7b46976cea95dd87811163c4138abc5949b1f68e6422dcd77eb,0
0xb83a521dacfc5e642e1c145ec0d926aec6a54d3b521769076616e757e5f62527,0
0xb8d55474691b9e892dbabf3ecb53dc2a27e5f6ac0cb958638894422c2046a735,0
0xb938caaedd5cb9c8afaf599feb89713c0dec843cdef98502b38607dc53a415aa,0
0xb959967b623fb97ee352741bbf8c3404b1df36f67632d31f473b9d7d2b938220,0
0xb95ccc0d147e8e6adeea81325e7b90d62edae781489842c332d732897a77c1eb,0
0xb95fde3722648f53239d4d2a2170d565c55545d156844bb914d2ed7a7baf122e,0
0xb98b95ecac952b3a03e91435bb12f4ec26192eb58b04c97e09a8dee591f95472,0
0xb99a7aad84c027fee0706574b7857862f77a395347876afac58c6a1bfcc091e2,0
0xba16098411956e174a2a4f4854004ed1127887acfb4ff187ec2968f362503992,0
0xba3228979de5a99f224b8a9a8224ba361b21a0a975469289dad0ec675553a6da,0
0xbacd5248f3b578497e4a6e9780516633aaa09a7d25f735bd4a28c101ce69777f,0
0xbad30c5e51c44c1c7cf6f1a4f9e8c917485f2457945b2863a4dabe6e04b1d378,0
0xbb16b707e37a59e937f53fbb48ff9b1b48f8320704fc69da29c0cd6285e80f24,0
0xbb50c146f08e4533695374d81f544bb1331ddd84588ddd27aa6ebda0ea038299,0
0xbc56891b233bd46a2e3631fe38ee90823ae69edcd2d605978e7fe9ff381a6a6a,0
0xbcb8be260820ab92d8d2dfd624d52ca67526736bba15f9dbd7d48426829149ab,0
0xbcc2737c4a44edf67b1a5a3510a54881139f191ea0d97306bea27486db9b94f3,0
0xbcf210a8896d2e5cb83a2c2ea03f0ceb9f1c22935fd72fc6895ba67572704243,0
0xbd1255d2ca8f668984f6df2818009765a4bc130432e9c358bc73c93c2ac8979f,0
0xbd1e8055ebfc1686f9019c0c5080dd026eacf0cb8e25735b8d13b5fee69bc5ae,0
0xbd44eb02d9c6e3345f048d3dca34d3278de50ef997cb115d1697893ed08afa2f,0
0xbdfe24a01bf1213ba3a342908099988618bc07384dfb78bb7a2890d0ea444168,0
0xbe0d7e4e6a522569408c1d696ae59e76caca276fd405120856fbaebc112d764d,0
0xbe22ee8254dea1f4db2130f9f8190920600097de793c3b3ea6670d46ce581a5a,0
0xbedbcef8459a0428c991ef9e6ee7b2d4d01d9f8f1ae8c3e60622b9be042ae1d8,0
0xbf07ea7de0051ddcf581ec4263f603cb3ec84647bc807d26e68e5c9dbbe7e609,0
0xbf37b4f73f4db9b9ade7a20f21b9ee47bd7cea2e1f279cac3d398b391f5a9538,0
0xbf418043fca3b4b2f9bee016f6c451f17096567c13da8c3a413a8343159a5218,0
0xbfb8797946ef67d90cda437ae19268bef2262768439d2893eda0c911d4895e09,0
0xc0150a09f3d85037d259b81ad8a9eb9759b688ef0b60f8f4bc98ad0e134a93e4,0
0xc094f5e9e30f77419734e8109f485493102b324bc4be678480520dffbd550834,0
0xc0c80cf5b1a8f01d6bed55ca23999dd042c1e1114049ac442f35cfb1a58e3620,0
0xc138ab569709c4b982681b87029c3ce72f62d8db161d1640f1d78feaa4a9b95a,0
0xc14d37c0d261d26886c36934b7d4aaf4723b40326ed333049d90122b4323c301,0
0xc1589264b44aba39fe5a428bce48974ee7edbb3aed9912aea4aea6cfc0e8a99c,0
0xc18494930a65af4115867eccb9c9455bedee8f64f2599e39443302b858e466ab,0
0xc194c02d4e5d41f0088bb50d514a1e4748acf76115fd7da1f2094931c9c97d6c,0
0xc1e96b959ca2e259ed5d03f1f2a60403992f76f964c5d3f8d92317e386821464,0
0xc2096334e51e03a789789aaefbc25ff28dc5bbf495f4103f557fdac52edc6f81,0
0xc258e2bd24e86833029f4dd1d07c07b7e1b8d6038aaf01cce78b381bd1df7e63,0
0xc2781dcce6b8e8251e92fa997c0ae3a5776bee07440f8ab81f4ffe48a39e714d,0
0xc280ddbc1232374a8d817a0dcbf697412f38a4aaf5dffa225fe39d5b62c87f90,0
0xc2f003f739ea994af5c4a79a95ed8adf6522aab5e8e9576a2e2f7bc15ce666ac,0
0xc30d276f9e4cb790903287fbf6f801c8a0908247c4e2fe716b8b90a7431f03cd,0
0xc34abb8bda95ba32703fa618d27e31aa653a405809a0a922dbe230b99c2dea3b,0
0xc34d2b5326bb8b69eb08824e9916218c5f8b2f3291d0d94523c2b0fef58bed38,0
0xc3551eb7227e4e518970d5c3a5b6d88ba37316c0a79fda7675611a637d285774,0
0xc424efd7c9d7da6b9fb6106d115dda714c7293827475c652048fc94d31533b5b,0
0xc43a2338735791f542bf9527e4fa1acb073dcaff2924a4e31dae73998ce8faa6,0
0xc496a42640a7e6c0c67f679c4739b123e1fa34d66d480bcdbee0cc37a935ab3e,0
0xc4b06f2585152e152d7679361743434450d5a748cffd4cd1b8ef526aaa3fb319,0
0xc4b67dc172c0e0cceb2d6a7c9447b777b9a88ca5762b204fc3050d937c7e8514,0
0xc4c3d342b4856b668313fafb632b4354f88a916e272b40083764e690b3fa477a,0
0xc4ddd8d669c8e57cdbd35c81444f1aaf4d43f15011d36c84109adb2f7ff99b2b,0
0xc54a14d68a0df4b27cd8e0db9fe55ddf60ed32061f072ef0b7732f21a36bd1a0,0
0xc5814cd2b0d66cd26c3d8a132937c08bdecd0790bdfd2395295559d21f770688,0
0xc5a350a2049eb792ef4730d5c067229515fff6bcdd155b5921fd32c2a53e138b,0
0xc5cc37c7f9ed11e1170546c5cdd40cb44600791310d3cefff8367b35cb9e180a,0
0xc5edf50a1c1c54a22652189871e469e832503877909db53aea94ff119cefed46,0
0xc6094c28b5c802947994d2bca6849b337899e10b9f4941b61dd24ed38243c4ab,0
0xc60f591924a94cdab4662b37933b65b594e69d9c2f2ff4b2482e181706cdd17a,0
0xc6520c0bae04096a3f044c0aa0fe8e755d1a1c417e8fb7b3cef41ad2e548da82,0
0xc697b213ee6b17d8acc6b071431842b3adda920d8e8ebde829330b17af969e21,0
0xc69c309b11ffa232d45cd2a701f8b26a86caffe217ad1a11578532a5b9197b0d,0
0xc6c2a18f4bce9c2a83435158d1fab1c3a93ed5eab2e40030fdc3a1f714584112,0
0xc6c66585ec3d600c8efb6913accfb95179d0e4d14eb5141f1da866954ffa7e36,0
0xc6d8c41a6630d4dbb075db08e496c94888bbf9874ba3fe054f56b42906034033,0
0xc6f7663dc49cf0f78c2dc961a21538bce9573c1ffe7b26d5c24cd8a9b97af5f5,0
0xc734ecd45a905570365c20f1cde889dea8dbc8eb8f916f3e5ad5cbbf14040004,0
0xc7558982c7a0b085592f8fdd06f5b6ed1dbfaa80093164ccf3e791984ce88f65,0
0xc781ab7f485723a81537c47f29cb375912c0e0143b63d421eff31daf867edc98,0
0xc79465ac6e560ba9cab6ea151242d97bca421320e5b1795d311c0211aa09cee1,0
0xc7dbea6e96929b78ca2b222edd2bcf1ba7aad6a30858880c624f3ade53ed7962,0
0xc85aec82dfa4cee20f362926c7622df2deee703daeb156f659b9c066fc440e9d,0
0xc8b5e285c1846d2c5eeff40409e44b68690552ba7d92c832db2dc196b80e6330,0
0xc8f56a6f1b41af88404ee27acea504997b8dd09224f962b5fa5a3148579bf030,0
0xc8f5b220e11385f0cb1ca52b0ce35bf4c31a13b523fdbf9efe0f4c1988417cb6,0
0xc999465391dc5e46d41d7f762ec99ca851848c90d050059d86fa93b636f76cd4,0
0xc9995a5eced720a4670656271363b1268edc21ff5d986f434851ef904c1aad45,0
0xc9d8d4f6b6319e136effc4743b38621abad61cd024c85461ab7519719f5774a3,0
0xc9f5042f13ea45fa845a1c87744bc6a7e638ae8f9e7ceb85f4c2a1623e983547,0
0xca4ca227f38329398c351d383c99c3ec88495889d19c7ffca98d9764e0e2b7e7,0
0xca7850efd20bc4c69b5db10c1cb03cb9de07544f72a27930e07f2f265e77c887,0
0xcab36a77ae32e1bb4be768c5b0e4849e341451fab443eaf645bd09edfdc8757d,0
0xcabb7f380d6d4e8e3d610e1d98c9f7e65b1004b3c89513fe349e26133c8f1273,0
0xcad447580adba7e15dbf83a6ba8baf39dc81ac6d1277171c6161b37d193d0bc8,0
0xcb5395708f9f2507d011bd3d936e09291ca0cf2636a626636f69b67bce8c021f,0
0xcb5505d59822296f192664e37d8b129b5aed5ecb9953d9211f356995978a8ee7,0
0xcb76930d081e44f755089b6e80ac5175dc61394bedcd5e81f34ca43e18459641,0
0xcba4d4caa6a72c0de081b015150f58ed468d5ef3c242d9567eb4566e01a592bf,0
0xcbdfafc2f0c7c5c0b1cacf5ab26e5be5437f0aca767d4707bb082a5567fc36e5,0
0xcc03321d6d6fa7bfcc1760a0c3eee94e3fc676a86c0a6e39304a293cdf362ffb,0
0xcc4e54dd81e9828c361a73a8559128e1d2355af15daaed04294078cc033bc7e3,0
0xcc602f4129536171dc85c6d8691cf265c30bb9939d56edb155935b7c5c427330,0
0xcc6a828d6b83aa3791ced4b1c344fe5e3f6a3917be190d4ea4ea18e2c86b43d0,0
0xcc8e3790d7526d2fd635acae6292d02cf2ed04a23480a8e3422a9483e7b7c1db,0
0xcc8ee81a384de7e985174e5f2b7f03ab28c06b7a256bb296c89de43f58bdc03c,0
0xcc8fb9121754e6f5800aef928679ee3d7370bffe42b5f7123a10d4a6f96f8317,0
0xcc9f1b725f9227a39bbc312f9cf7a48fba47b3d7a0e314d6e40aaaf0895c28aa,0
0xccad2769b489b9aef84f73fdd8c23b15fba9668bedcdf4806449a992cb86bb1b,0
0xccbbe28370bdcca064b9696338414204448f875dab40212ce7d2e738ac9c9cf3,0
0xccc5913d318c704b7f7e44338658a24ccb638cd30490351923bec3f1c598d569,0
0xcd7654949b55d640b679c2ab8abc15fc35072d68ac5a2c507ce448559bb725d1,0
0xcda8ab4f79a0abbf079aedd6a2aaffad25668b61cca800e2f8574f2c35dbe92d,0
0xcde26672b321f864712a05b8b984f7297c59bc388f4d2221ed4652eb9e0ff6d3,0
0xcdf25ab0adbce47038d8b651cf7ef9f86d430fe29ad5a86044448a99ff3da181,0
0xce4c7d8e53d451a16988c8c38b19f08ab79143474ab33d65f1d4bcdce8fc84fa,0
0xce96570f54ad0152e7c04701237161d148d764fabb0bd083cf026a7597c132e9,0
0xcee9fc2688e9b0418fbcfac120065eeef54b140491ff80bac7a364ad6d775eaf,0
0xcef2e7de52568dce2ca11f0b266080c28f8f6b0ec339406610343b685ec08054,0
0xcf20b683d80cfea50779e7cfc38c6cf694a8ec7fffe33599f116136562ac7a8b,0
0xcf4ddd65f3fdb659a394b3eeb08da1b6cd76df56fb888bb6f5cb696ad6936b92,0
0xcfdc418701cf655cce8b8599cdc158782349e1280fe750fd1876aa4425831694,0
0xcfe0a5cfd8df23929e880bee4dc67f72ccdacd1b10ec7c6fc25e6925b1a3ad41,0
0xd066c7de8b3a868f38c68868f2a464dab85f9df04a190d942fd05e80cab9e07b,0
0xd0aba777db79c84f2a746d6473cafd43cdfe9e41e559329758631892345b812f,0
0xd0c6b4a013f13b2be7ee62bff0c1ef98be4f0cbd937984d102ef5a37a7bebaf7,0
0xd1068c342cd6a082a5eae565d384c6570d8c951c41192b190461c027a3374ec6,0
0xd112d62a0a6efc3c8d24ff70d9ceac3ad8c2e818127faa4db943437508aad0a7,0
0xd11f49e6cf9ea93978e3400eb30c3a7308ea5b190300c19e161cc0681f636410,0
0xd175ec01f55a84af77c03724ab7bfca80737de452142bddea52aafdb3705e0b6,0
0xd18671bb4237796700555d46cee927ef8aff20e5a898220846e3e0c70b11530a,0
0xd1b3626de51c38b9aa51764aef6afa6d351847678d7914481c5c2112180b177e,0
0xd1b44c4fc741bb70d94cb411bc640d9c5c9c057c71280753295973a920c568e0,0
0xd1bbf3a0b1d83bab648959e3770a425e15dfa7782f0450f728573e9835301dee,0
0xd1bd15d8190d84b04495f82bb82a74fe1ccee498f86672b6c452c0d915e1ed62,0
0xd1c2ca7d76faa339382606a011ea40904c3051a9f136d10c1da74076888d4d95,0
0xd1e6527218c54d3e0ca48dfc01f5a37f42a99824034d7ea298249e032a019144,0
0xd1ffbfad9150fd1d99886b64f2bf3345514b6a052d94c1e676f2054d9d5a03bd,0
0xd2107f3a711fc638f6a94a018bdd533688a5fa6c3365ff9845f66b077295465b,0
0xd293e1e1f1a3158423e9a1cf246a96596839452f1d1f6b8df3f990355c654b85,0
0xd2acbbda77e497f20ffaab8db19ce5993906d31cd2b07be97e3b35aa415b1740,0
0xd2b03fde39633e1c019af55afe0425691ed1f5031723678928a2e4f9d8be3be8,0
0xd2e568f4352e79f39413640963a9d3600ea730bfc90bcac33d4549e0abad526e,0
0xd32fe8e8b1f64a6c195b41f98d87d03502c8f98e3f402d7a77ab587d79e0d1c4,0
0xd49d0c248304940c93ff38872076c8c6ea1392cd008be0b5eee90a2b97cf33e9,0
0xd4eb98b0161910c67916f605e4b7fda962bc92e72a000b45842ae57b6f803a8e,0
0xd5c8b4f6f3b7cb87fc08f9265cbd53abb6b0995c05bf75509f1a2f7fd0b549f7,0
0xd5cae91eb43ebc3f677dc297a123f50a92a04a83357e766a61ace378abe65bb1,0
0xd5cb4edc855c549ea18bf59dcadb6baaf32c2bbeddc4030a1031858dc8786251,0
0xd62fd7edd58084810f92bf978be1207909052e4c43b28c2a7a597f888e5de117,0
0xd6ae124057b211d266c0b6af4623ce8e223d5536fd37ef746ee0ca198fc1ee94,0
0xd6d975800761395f956cdd8b329ef2cce4a0ce2861b8a9f0d4d5455170d30598,0
0xd71a1b538161d6610925ca0394002bac7bb06237b1c08a33fd506781cd44e5a5,0
0xd72f44177f47e8088a7b147e157120e6834b2b3875f1af6e2c009f2de043bac8,0
0xd75b8d730b418f701933cd54aa2fc9a341b697a1a9e216dcf415ce841eef90a9,0
0xd78f0b3191512f302fcc823bdbf1501aa1340423110eecb5a61d2666e32aa7fa,0
0xd7c3af78ca2ef309481df0d8a4f88e7f0f80451faec139b1f462c3f9d79881d6,0
0xd7d7045eba455af15385972056b912aa51bc1a911c381ea6b9cef478919c8f26,0
0xd80ea8873ce14577e3a266b8741b3207173267d5d52c8d1a5df272b10dcfe9ac,0
0xd81dcc0b0d4fe0bcbb447c1e726cedc7f6f3a5d9e2e143e8157dddb4ef175f6d,0
0xd83490bd0ee111eaff61650d5e5566d3bbe3caa659bbd26c72e72205ba875174,0
0xd8a0255831adfaa43b69abcd3127caed5cdf7963d0ce3f2e2c70ac12d8560baf,0
0xd8a2a2140b403ba5ca138cd2de19a0214b6a61a572ca11a7b48fb63b2410be0e,0
0xd8ff88fdbd2c6aa1aa904b2cf97bc1e7ab94d0a0dd6b85e00ff3fe3336fc2559,0
0xd901661a102c0b09ba43907df90bd05c084f3d03fb8dc16c9c94d9c6bb89fcb7,0
0xd9363314e2857bda90fb74baca525de37b19cadcb55d8d029dbefad256c89edb,0
0xd945e0c99e08c85eddb5dae6120d6951644ddfea81fb3cdf22b30da6b5615d04,0
0xd94705f902a3fa56cd7e154911a5deb578c3874c771b1759800cff88c6d649c2,0
0xd9488f173f767b205473cd540c11b2082b401225a181d08449ee54a9b82cede5,0
0xd9a8dd164a2db41f00498da8b1ed339d5f9b8dd2083174c1d6031c28ce344ef8,0
0xd9ae40f9ee1c8ab61d219c1e5014598bd2a414e443778a9b37f5c9cfd1041fa9,0
0xd9b5b52b8e02cd60eb8eb68cae0952a72a4524a429ee09f2b4ac2099b796fdca,0
0xda104649f69310127ce31f579a694426234394083802177c2350807c704993fe,0
0xdadaaddb052370202ae9f740a7eb0d3c4ab7d614a4df736d550096baf5120562,0
0xdae3ad6769331ffb2f2e4d6e75a724102dbc57a719ac864b83cb9ec27009d28e,0
0xdafe54d8a8e90530b019926ab5465b09254a3ced4091330532eeacf0865f1bab,0
0xdb2620abf4aa18c30e6bde09ab8bbdf3d95892c02087badb1426e612b429fbec,0
0xdb36a6ea043221bb39386dda65fdb69b66bf7a0b41e201ec7bbfad7bfd053efa,0
0xdb624bf08fb70955f197c6f5b2ea950a7d9ca2048f02cb3f907da1931fecce0b,0
0xdb8154c2ea6c32c2400ac9eaa7760643f1af88ebf0d1ee574e5aa26ad3b1201f,0
0xdb960e32eba5be6e8e3feada07e6e810997a792bec5765eabff4e127462c74c0,0
0xdc05301d01cace126aa04a007ae1eafee3d7087502194f2c596f33e5cd5b3b31,0
0xdc18fe75d0fb6cfdd3f5f69c665044d9dd84b217caa7930ae64c93080a1b6e5a,0
0xdc21f9928e54217567ccbd03df165ad147e2ddd52b860ee22002c8afde370794,0
0xdc2b01e7550c2386816b197f81ad1e20aaf82cc00a05905df6817627441a347e,0
0xdc48b34ddfb8aea984938830eca5062d4d4b6575d769dbdba2daa2f51ee72447,0
0xdc5df6d9e7b5d6d5c696c1269548ca7165e3ddd79d2be2967a0cbd0ace43cee4,0
0xdc702937bfdd92562ba0599b41e087d2066c87d3552bf70e076aae6cd5c5685a,0
0xdce9ed97031fa77cf2bad89f5fadb43a959c57ee38c11ad9c2ea92f1f969c066,0
0xdd407e23bd9bc40f0879c0b89a2d7d12c15e4374e9cb19cd7c6fe76bbcb8ec09,0
0xdd5cb7a8720c8bcf7f3b9b9b5a5c9a09b2e32cc6137a9f5f5061c8dd608e645d,0
0xddab61b99c84ea5891eedba551cd950aafc2d0335381cc8c09367c9b4d4c35a6,0
0xddb5f9bacd182b8423c919b8bb3c64d8ee6d3cc3fc3564920a5cc59acf1c06a1,0
0xddd405d0dc28eada229ad9e6df16e06873b24a3c19c6e39a6c4972e9a2e7d6e9,0
0xdde75846d08da9639fd25164364166459f801090761afe79ce2b93e1cefbce86,0
0xde0008705c63e02864f54c705251d0e53dd8d10b1fb51c911169c467e7cb980f,0
0xde8fde6b26e6fc703535f9e3158d3d8c5d8d903b783dac62ea4f81fcd5826683,0
0xdeb846def738f1f026816693d58754696191437737a437ab7a5a11fd5c2844fe,0
0xdeddc84050751a9e21f8ceca7a4c4b9b178b9b69c17eb08764ef56bea431e929,0
0xdeee66e9b8d19be9e28091f2fd3bc4080470ff4ba8253ecac91fc79df1fd55af,0
0xdf0658a9ceec1a27ce7cb947d62443f9b1cbc99b47d348f900578f83f2853fe1,0
0xdf17d6250b39e83ddbba7cb1d71b3f150b064a164d2a4cde58322c92fb8bfe59,0
0xdf20d6b794498398f8edfe11e06e20ce609ff7182a8f0a69f9053bdf6be91e63,0
0xdf53f5c49284a7a7572440fbc505aaee0c0434a98682074ec4e0f1a9859acf53,0
0xdf5dd417c8e2adcbd4c3a9d09ade6c1bbd603c7599cb86388c009604bf246b60,0
0xdf60b11d07b49ab2064c0ea1c6812ba3864b73833b42cbd7e8796ac5e11e746e,0
0xdfba472e58d880b523a310847373c9eccf8794224f8831ae545c6f3b3b81412f,0
0xdfe4b61296b136b85c50e9b28a8f724ada7615e1cd6bbe1b5c00a82703144f42,0
0xdff6896ec0757f2e3382e23a613c57e622aa4682fa306620652c70abafecd4f6,0
0xe00cc679c3451b118808633a978d9d7c3d8147872f0ac5ccd059b21c6c8e5305,0
0xe0a1df3d4e33c37531668e38a1db8775f664a7eb60c97d4bee53316d0ec16296,0
0xe0a572976a31fe99de435114e4c50d72714391a08c20002b1b944db7fa3efd7c,0
0xe0d71aea346aaac74bd069ec9fafdef5bf242c44ff449b217887176fb2b76da8,0
0xe11dd9d6db826a56b2cc4fa6a6776de41a415d915f00e654265049a0a21dc7db,0
0xe13c97ac4ddde95ed79b9888ed185f39d0b575ea1f69bc45373001a3b2390a2d,0
0xe16db2605ea36c429a24d828ad20518c6990ac2ab9558a38cbf7195f6a3161b3,0
0xe1b2e7f75ff08981f73f06bb05411508f69f1055c3333db59acb997b71c3b265,0
0xe1b30fc15bbb8f254375491c3a3d0762a647f717127a261621d9565a1f86999f,0
0xe1d15c43dc7ca485453a8a85bddb2418f78adf37962803853e8e4dd8b11b94cd,0
0xe29a488d294cbb9470d33ce7494d265fbac150a422bcedf1fa01def808b92997,0
0xe29ccb7bc86c5ec08bcc7be596dd77c98abc355fd7956b6659d5cee51b833f39,0
0xe2d3e2b4381804929e960aadf2ef31d997afdfb5ae82b3e94d6e1c65fb61b510,0
0xe2fb58bab321c21af4a33825812f44f62acb0c7c7657c654be0e70358a916e43,0
0xe311b388ba3caab3025f56a3c1c180f9ed978f07acca5e96ce867eb4fa0d6997,0
0xe32eed23475fc70dc7208356f79b28813d1d4bee25d2840a5309807049f7006b,0
0xe3368d8ffc7ff37947fb2f8cb03aaa31c96fe93f027f5e38b7e963331f442b69,0
0xe35d0cafcd57d64f54c2428d31c3220a84f1e9b162cfe55457bd5ce4f20e184c,0
0xe36ac1b83eb0743e9272d391e29d58a2b9a9dd5c24c0d9a345f41b85ffb78208,0
0xe39f3e056d6690fe22ea9533250b94b9ecd07adeee86488f6dc70938730ebe33,0
0xe3ebdc80cabcd69d406cda253fc0ed7451b68978eb970f792483bf93d1c16db5,0
0xe44ac8b9ec13ad97010f8eafe7c00f1988f312c4d4ff25ff15b1968114b6657c,0
0xe480c09cf2014a094dff3f999cf706ac429cae4b1e69350102a9b37bbb0fc1c5,0
0xe4c6ea111faa00a3087895f126e74f634ac03422b5bbd8c1e0e8ac147704ea8c,0
0xe55971bbeea1221e0910320e60de45a05f70dd0315650ba1f95cf61c79befd7d,0
0xe5c10564460f3a606cd8742a84c1235ed49fce8cd83ffad728a9d8a77223dffb,0
0xe6517309d377c755072db9df239e42210ad18670086727eeb3ab6b2d1134ffc8,0
0xe6871f8b1f23d7a89b4ab9f1f50aa4538739321f439482ca979b855bcfd53563,0
0xe6ad9aa389830011db8b822539f044bf1f4196375a105b9feba36f1095b1ff2d,0
0xe7e0d4df24e41bb67ee3c7ce7f44310e81b31910345f1ff42e802e11fa7decda,0
0xe839b582f787c0931276ce5ac1d1be5222db79b9a9e8fcf79d60b39d06eacf70,0
0xe851ee448ca47b3e75aadabff0ef5fedc0ddd1c78a9205959f338767fa56979f,0
0xe88f209b1f8b2a827d6622774537d7927af72d681fa25b56c3616673034d12af,0
0xe9932e73be3463bef6734091bb078807dd3ec28661a27101a0d2fdd8a0ce0608,0
0xe9c97f81e8c52ec61ab21cc60fec1ec1cac2ea5b82f6024a06f23d3a42e6dd98,0
0xe9eb65ac7f2175caccce2364cd973dcbe0c178b6ec27a6a4dd2b9377a9fc1eed,0
0xea017f42e6e736dbd79bb2d05bbcffe46cc7b4ef01f2b8c3b0e815f7177f43e7,0
0xea2342519078b5b0691c30e07f19f610172da94072a16f5e4458c0289d07b5e1,0
0xea30f205beabe7e6e72734c9516ce07a9a89ab55715a032effa8dd742068c1ce,0
0xea63baec44e252eefb9d362eff054fc70967a9423152ec8f588d570d0a289d18,0
0xeab42b9787460292d9acda7468bf16d4f19b8c2d12ce34ee542a7f8fed03ac69,0
0xeb3be59cbbab4a1e0b9c507c918d7840833cea8688dcb29ddb76cb29088c0331,0
0xeb9668960cababd76f1a14b575da74fd2111a9575cfd67e87a8d2f02de475c1a,0
0xebb04b4c87625c080b58f5d8711aba104f7beeaacb6c850447ed3b224f287740,0
0xebd86cc83c8643c487e38bcf407d204c0aaa6959684f7f02c4012a77b2062707,0
0xebdd4177213e7788b608693641b7fa86d7a4f379e0d100b960b4e33965d5376a,0
0xebe1f5cb9d1ec87bbd8c3739b17ef6ab425d2930dc4722ee6be2c410d2727c02,0
0xec48dfd780e61870b0e706ca37d867a61ca84a49646e92a480696c367b8e866e,0
0xec4b42158a14364aa3507e6b515b6d17aa7c6cfce88953a509055d5f34319a18,0
0xecddd7253edb67cd5a98ae47cc8c44bbcca7796152150f8ae325905640954178,0
0xed641e02cf44290c6b3c819f05d675399a431f60535ded03617edbd57a4c18a2,0
0xedd080088a663586dd0737071a1060bce146d183d808b9e72a6204868324e269,0
0xee0af134d977d327a3482056575b2ef3b973ce0ebe8ce901c63524b8a27e1575,0
0xee1fd72b07802f2203f717df4e2c16e2ea836e89f9ac708bf388eda786d2406f,0
0xee2440f2a3e360e2a84de17060f60e6411e49c570e1f42cccef07dc21f65aa5f,0
0xee2f4760642bd5242d98925d996253e36efe2f8624428755a5600283ab6733f4,0
0xee78d3d9b94af1ad0c193bc20cd88d0a66f91e7721112b4b4676297d3c2721e1,0
0xee83341964da47a3890011e71224dc4444fccd58e519df08e84e759085831b0e,0
0xeeae769ca9f2ebdbce9377904236cfcf75434cd5ae0b64c9af7d3fad4825b8d3,0
0xeee6bfc7c7b07348e65f2ba1435daf1ce736448fa39f3755339e9ccbf01ca213,0
0xeef6285fec1a06d05d438fcb35f8cb7d61f1aa927f1ce3f3cf8b8053f7713093,0
0xef69ea11a696f291880c474171432e4fe06f27eb4d2ae554dcf3733cc5ca25b3,0
0xef7c9ef98cc0caece1d0d24a81d51572fe444ef01b6a82a70b7c9bff7d5b3a98,0
0xf0194609d8688fd6c57c3871dc4c904d75822b1c8019590df3d24b7371fbf79a,0
0xf041051f230666532ec96d2dc5d7b5c4c5d1764cf52c9010bf9270acd0e9e1a0,0
0xf05b5f62ae3de0a7595e5214865bad081521e01598e663e552f6572807d0a076,0
0xf0936c667e0d7cc21150989c71bbd6fced6a3dc4af349a1dfe553377c87caa54,0
0xf0a5843bfce308d20a88cbffd24d3aad84ffb48f7eacebe7da8f884dbd5975c1,0
0xf12fb6dbfeca6b1cbd4e28bc8881002221f88a39bb0b923ea97a22de0fba4ad3,0
0xf19262ecdbebc1a1ee48e5572e985c0447a10f9a88804e226c42731fa93ddf1f,0
0xf25b82e75946bd18b5758f9e690beb9985da86c16b4f085f2beecbc6ef8e002c,0
0xf29e0f3c5b95a72cdf298713c2c3df0be43948173455771ae0a0fdfcc53c7ac8,0
0xf2c2c79865f6d9e5407c14cc325fa936451474f1a4d18980996ae3b084aec7b9,0
0xf2d720e0bf2adfa46e5f5ee35c01946a9e41db5c9f424267f8b4ba2835d4f4eb,0
0xf340f28ba54ae03ccc52db290bc424233837bb4072a1042eefcf6dcb85b1a7a2,0
0xf35a4c1fbcf07bfa23658b35e83a7f6afb9bfc1af0b089a43c3cda43240f1024,0
0xf366d3967117a05413613615ad1c9ee4ec851d259db9f9f3edb2945df65c2a48,0
0xf3b71d8927a7d7f3f98e39dd1501d07695b0cc521c0be0ce0e101614decc5ceb,0
0xf3ed699d7359edb4b607063b64b213412e36e35f9ef6fbcf5828cbeb43fd7e09,0
0xf432898121ef24ea8bb8282859dc03e715d5591dea34ad3710a62bab40f12cf6,0
0xf446abc698e869a22cfd8b3f4c1f7386290c6a51fd6274c5979b6d3c19799122,0
0xf468a3e17b9569355caa8a2458a3b86c25f23844fd3f6ce9c153eb1fc574350f,0
0xf4a94e6baaa29bc96e0bc75ece6f4e9a7de05dfba959ca999018d5159660c51d,0
0xf4f48dd9d0c24832ee04c870f647ce27fcfbf49738b0ca6eb957535029d89e17,0
0xf50954295d8f585172ecb472ad17b93c0f4d4e762a742fed8bf9f7f6ce604d9f,0
0xf615fd71b1c6a6cbabf841f914ab9143c15d08d1c7905f50fab5191714f7f719,0
0xf663a676599d79803379e9fed4d2a1366d93f9cf462faca14488e4ef0b4ca9f4,0
0xf66f83172f1626672419a4a8da760b0462fc3b32b627c748281681cab4d15010,0
0xf671d1f66c853672308e2d09c4f753ddf2710cf9a06c1693ffbf4e38d0fa4b4a,0
0xf6c2e702223b4f161e56d8ac81d345320fc5a82910c218b394a01040e68eebfb,0
0xf6f57e02539f33c341d1de26440d2df66148e72f47fd6d92f4a1dc25c1430815,0
0xf701257c0cdeb9e6b865b0d4f459e39d169018793ca7e65e82a9e4ca36d1d443,0
0xf7644fc0cca6a70a546af28557dd64f1e27567fc60e26da319c43b5254f322d4,0
0xf7d718bacc0293f8c2df8370daf56cc42dd1d3db803c7e8b33464fc1ef762582,0
0xf7ef215e46c1e0d47d4fc3c18adbb9433f46180b85c409d4d75350ad907927df,0
0xf821e22f231cf7a7e40f9409237e9e43ebb931b0f34d691b31378ef66c535423,0
0xf83948f99610d0b5d25e7cd8d25f7edc15f4a5b515bd0f06213d59eb9a3616f7,0
0xf889ccb135640ac1b61e6a13789fea58e5dd1c30f09b91413c925bfc9a5971cb,0
0xf9c0a588a0a9d68919b064a03d7008eb49e02fcfa1b01accf7c22364ecceba89,0
0xf9ea2f6156cff022110f6c2ef65c75a6bbf6b40f85d4fe9545dba2dc9459fe10,0
0xfa028b4a8eabb0093486cda48ceaef3cef27afa8b3d69b80d4f7235857641523,0
0xfa42bd03e58021aea8f3e3d693a773891bd0397efbf4a4ba8e43ee51404661ba,0
0xfac3cd759e16cf3797eeed4a1faad0c2a0999a8cb16b1d0332923e8bca1c8bab,0
0xfb17ff511e9674cf19f912d35ce784b7e9d92608345b3f9548b90aa8451ee6b0,0
0xfb37c6de5bab693b326e1a13599d3e415f47ec30bce17b8e165c5effcd8fb4c8,0
0xfb51e4c6ef43a6f0b5fc3633c4c9e390fbeab0ff150c4d9fe5ab9423e53a7500,0
0xfb55ecd31f1f4dda92f0522de0b24c0e9774bcee109a46ceafb79c6d87c0e102,0
0xfb713a498de080a19d6aa4a4efa742aa23a325d29d8353ec390ebc6a0621acd8,0
0xfb895fe97b3504e064118b27feb6857f748e7171c66447e543434d8f58107aff,0
0xfbe9cc72f444061ecf79650a983eb241922b26e49bdc4d645b5761ed749fdecc,0
0xfbf12d81ad714e6b9ab1f8f5aa21997ec2c50e53740af7e77f6c9ec83a767d1f,0
0xfc40e7a77eb32a1a13d5ecf69c58209a5a06a7793ade64a0dbe8560cdb79e120,0
0xfc68e8085ec5701e4cc32a3d9e3d18e9baea7decc024ebd737a9b9ba4fdc8242,0
0xfcbc03cac36b0cc1c291388981bcf6b957ec24d5e540bbbffe18e08cc1ec5f70,0
0xfd38e3178bce8b1bc7a25cc3992f71d2780edd9c1a6228ab5fbf8867b0b672b2,0
0xfde83dfc0ec9139e1fa18eee3a1871d389941cd090dc4723ebc02707d36cabc2,0
0xfe24d6f7d09428347493cb0b60c5eae716998d2b5137dcc911c2840307e96589,0
0xfe4ac8916b902ed184f7cb259b961c2b4678d31f20ebc9f754d020089ef5f4f0,0
0xfe50bbb12e19916ca1d4378463afb69108ecfb888fcb138c89f1957af4267df1,0
0xfe514d23b4a84a40830da348a2cb541f837d6e718f2e17fab11cc73c1d9039a1,0
0xfea8c1130c963c37566e7b795edf33706a9c4ecc9cf164be06245013f009fdee,0
0xfebeeef9b1d04f163695351ab38c3da4f829e7b247ee8c7b943cd3bb5950d71b,0
0xff1db458e664775c13dbd04d91a0b3aecf9e5b765b116b0f4ab76fc8456b0607,0
0xffff870bde9c596fe94e87aa5492d85f2ca1586872f8b79a12d7347acefbbdb4,0
0x005521d358e198c3c6835452115bcc66cf3acfb9665caacfd3ac067ff6c065b8,0
0x0757d2cee9230f6442f340df4462727347847ea49a70105a2c36aad27952bc76,0
0x0875fb2a991b7b440a38d38fcb6f1a211450e5806cf005880d789e97149d8b46,0
0x0ad9a9d32a01fa9a2493c21ed8e441f99639a32380c3ac2b66e4e716df4c2cad,0
0x149cb609637237dc887c71aedc2a18db7fade3f2901487fde5bf492ec5b46d90,0
0x1887e68ab836726085e6c42654433f1214bbabd2d798e574d6071e90b2b3eb9a,0
0x19c0263964801369f17b9b5014904a67b76ece7ebb76b480d4b301efd0150866,0
0x1aa71077fcbec716b0390169d7d6b140e3a1ad3c3e9f88ee052909f9f98c45ce,0
0x1be68a3da42e4b1fed45b2fe03966e791a4d2e5839f4f220c72b9c90bdae506b,0
0x27e3c416c900e12bec1086e226639a6b14db558d1bef120612ef953c4c45f635,0
0x31948c5b0d8472acc1d9bd99b67d3cf8de625ea470a6db224486cda684ebda47,0
0x34e146563df73757a9d12b9c67da22e2444220988c4e25facc452a8572ad289d,0
0x3b1570a18c9b9edea013175ffb0533d1e8d3ce6c89ec51edd9c6cf0ee9453317,0
0x424d04477ea8a40f7ea31446519308bfb54d48a27588f27a2c99a4798fab3fef,0
0x50218bc08c44138c0afc63f86af2a5808d1f59411e48de7905cb3241c8facb51,0
0x542e84180aad2854e5bd455dba9a0b88caab6059bd6be0f26c745779723939af,0
0x578e5446f25932f4c497dd39abfd4e45718ab6e6e5276aabf85a2c07df9d4435,0
0x5a17468b2edda8e25653d5b8fb9bf1f64da49da70cc4b0646173baefb6ae757b,0
0x5db839c826c032f863e73c82e4765c783c38e047913b527d22323356af108b00,0
0x608c8b8623772c23d802ae3c5a9e1b4d2118b3e95a8632149eddb198946b49ad,0
0x6a29e382f5a81edc733af5ebbd55c721fef3e80d2ae1c0f481b5bb95c8d5bf61,0
0x713fd37ebffdd5df1ea6a083285185e44ad8e5b4f84ff2df1644ddf4142f71fb,0
0x74e0e94e36082dacc806bbc1f62ad63f02e1408cca736351027f2d336ba13ad7,0
0x83eed5f41757cea01190e448a785bed1fe4e815fd67a0eeb0d2484765085a218,0
0x848168d68909b7d46facee96068bfb8fffff1153b11942889f56fbadfdce530a,0
0x852cff17e065c0781c94ebe1e1fbb1a4fcea63b68099959be607817d4202a92d,0
0x87480712f46a0acb4124950b373313adb64ed82144ef01b2f43d44eaef654943,0
0x8c5f81d7399e695a7ac36c857044d9e8ccb1d1198a3cc1c8eb29469a44507509,0
0x9026c12dc9afe30c95ebd986f8a798d09b3d83a71f0eea773faf673bf81a41d9,0
0x9cec84eb872b3f619f0c0d222575fe51ea0b3829dd52059477e544655a1e0bf7,0
0x9ecc0a9c40231eaf7d9de106b35156b9b730f4a7c3e1a988894b45baaed52468,0
0xaf8f4ba693365a1c7b2e77f0316f399dbbed8d83cef1abf3f243cb026ae34cd2,0
0xb0eaf1494220ca1c324101774e51151ff8ef7403e233aa6c6bbf746a41c1a5f6,0
0xb2b6aad9496e6c4e035cf556eb414ad7e24c89e27222234e420024112ffb32bb,0
0xb307d4002ab52297c5f41f82d3f6bb18974829247cf71f0de2414e513bbc9fe5,0
0xc0e5c4b312537a4a8a69928455bb1d5f83a291743db941418464021d58b2918a,0
0xc1d8fe2334b6109fe52faada6e4783dd3c477f3db9bbbdfdc7aa16ffc4c5785c,0
0xc710f242a80751405dd578e10b5417555d380a86662560d3e8ba557bb7b280f4,0
0xd1c5ca1ade251cc777922ffa1b66041d70e1f44279980e26a79d0758a87ea2a6,0
0xd4d79111a837d09c78ba2c1e703d9810aab48cb646121254011679f60f8e8948,0
0xdf6223866870711ba205bdeff5ffba46b1d7a864e9f1c1d08e154be7c9a8798c,0
0xe601c8a027405572edc8d4f85a4ff36188e76c3a6649b7e400acec2782b7206d,0
0xe6406c0cee49b39aabf16544ff34ebaa6df2291ff14f2177d81f6a65d450734f,0
0xe65697851655489ae38906af2de3102137c0e9dc078ae1ed0fd0b46c8ae4e553,0
0xe84ef4617cb679ea089c26ece81f24432c4def09944636ad5f7a026b3df2c5fb,0
0xede405892737c162a27b066ddc9ab130b2f18dad4dd2a3fee384e0362ff00ae5,0
0xf3cec6612fe88cc61426e957e1e68684cc4ab4cad3045591166085f76a5e9a51,0
0xf55cb844aa821c6a9b377c53e52e0e11a3438f4fb54895bc9d217b63c1e26b8c,0
0xfb176db81a8ba108ee3218f53ff64545e88689e73df351bb5910a27d2e6ff52f,0
0xfc09fd05a801716e49878b2b30d6d7df6bb3cdc0c8eb982429de233944323791,0
0xfd34db0a6114069fcef9f4870266b95c2d922412b133127393144d937a2a4325,0
0x00fe7e59f7941ba69425472c4e2085b3f39c1bb5c7ac0f877efe3b7436ce40b3,0
0x09eeb081c80e41fbb4a79f560e8a03a0209d04f0ae3f19aacf3c49ea6e852399,0
0x0a502cee835448999fc721c6b3ba2711685e2256dd1f61431e861db3b423f88e,0
0x10f44985770be7492c99c3b04f32f7555db876d3b319a13765f0c79c6965d072,0
0x17d2c4e249220cc226096bf737c49c8bdf7c37b07ebe9c16050444b6226ec98e,0
0x20c5f2f320eaee157b7df00211bb9e6dfcab4b29938523afc52bf9a0cdbd2aaa,0
0x25630decff099d8454326bf7afa8bd41c95d71b44f79fb598f5514846210214c,0
0x25a4fa66a1ec4b08186eabc366be5f1c3ea7cdf91bbcb95cfaae41c6798ecade,0
0x2a502b48c7e9b68851218039289e9efc204babe4a3bca232d3969190ee20a2ba,0
0x33cec3de7fd08fc641ecf251305551551f7e75cab68fd13c96441386d2e8c20f,0
0x3539dae0de014b7c1a761d3ec8fe7ee82c4832a73d8fc5567dfbeabc3a3e3a70,0
0x370a62774d04c016754ae23ae8e1d28fdc5838d334ecc8f45aa5819c9fb75761,0
0x3871a634e6e6846080ce0298b6fbfab91102539bafeaf1c3ee0e615df10da5d4,0
0x4228a4e76802bdd474540a801901352245efd20caaab39566b2f1a219f2ee5b5,0
0x4cfb871074649eaff62484b0c37b6cc6b0c8c95b8f4bf8e3eb19b7054c140f7f,0
0x4fb92abae40f3c4f74a390780e77ad59060f33564fb0d5bfb828e82f9b83bfbb,0
0x57d7ea36b117d7e95fdd43607807872684f7ba4b891c9f494668e8910beae522,0
0x651e85e88b3fe19ac7a8524d3ffa20c836108360518fb3d3052a464083391906,0
0x69eea83480969b36b6526a13aa5b43ec28afe30972e592587fbd26000b5f3380,0
0x723e33b737316e6c78bf9f5e598e09bef797361a84a5c6077efbe0eb93c889bf,0
0x73e58b86225fd60a1b2e6eba9bf66339182e672d4bc3a3845bc6abb8a8e3b1ec,0
0x73f2f640d7993b303b04daa2efb45a98673dc5df6ac13d22b57ebe03dd2e67dd,0
0x785c1ed93be6ef4d255ba7beca35271fa00032e56f4b03efd35c85e6a75cf9a4,0
0x843ff5bf6e66459c2314eabfb8651daae72e7cb1fbd45e352e4b46ad89075f86,0
0x85a1eccdf328114a0c80455d5a321790bf4222fe75c52ebe1ac641c5ffb89f3d,0
0x8853e7160e0f432ecd886fcd491319b67ed4dd8daee639e637ec76ee78934c70,0
0x88f757de268312d7ada9884a4a9f1513ffd9faeec7c56d1b7b7b495d1d2598a6,0
0x89c2afb0d8958241128f50306267847e6e953e3dd682c7eaae0c37551a14fdc4,0
0x8e7dcce506f61e5713d372980264202a0549db8c071bf8debb0439c8c58d04ac,0
0x9bfeb6607328935013997f8ea47b6a673d53d110f9f961fe52bc51c2e30979c8,0
0x9c9a95323d7182c5e33c083c3f67641f65b0f1e4f8599b7b9c4b55211cdc6298,0
0xa2f513f7237878767545c6353645342d7392b29c98b3ee62acde0c47ce028be9,0
0xa5748be2b63b8f209ba0a6b50b1821549839b0c4e7386e76f833412ff5f04162,0
0xb53929769286d7287ec92cee5312eafee5772d13d884d7988ae4ad78dcf357a6,0
0xb5886850b7c1ff3f42ce9880d45a66b7657ec362ea49838feb6e582bff0d5b73,0
0xbb3281e425e3d0ab87af3d64524a1847c3ffa02ec2b7e4d406819abb2d35e47a,0
0xc0136299645e44066ffd55fcd7bd4c77ea552760feece46586399db6430ae400,0
0xc39da623828b32615fff29f5abfae06da07cf344f0d2b902ecd50d2bc6a66413,0
0xc91554af6b301a08ad558129c52a4279e5267c514da280aedc9f696ed4dd28a7,0
0xd17143057c905b044b0ad5c31ad06c3bd182a934c187b6cb6282fe771dc8386d,0
0xd892f2caa36f01aa1c415289ad8e8f18b34e115a193693ef0c7acf653b3147ae,0
0xe7e341132f01797b7e16616f0745134cb02d5c11a1c9aa4bc09177f713abe2d6,0
0xfce4704cbf7009c984cec0811b54df6bd28d2a34a3291c904372367b9ccc377d,0
